task,fold_id,repeat,fold,fs,clf,tuned,k,params,inner_auc,acc,f1,auc,cm
three_class,0,0,0,none,LR,True,4968,"{""C"": 10}",0.5995385926099303,0.5172413793103449,0.5221205186880243,0.6959915084915086,"[[5, 4, 4], [2, 6, 1], [3, 0, 4]]"
three_class,0,0,0,none,LR,False,4968,"{""C"": 1.0}",,0.5517241379310345,0.5400501253132832,0.7390928515928517,"[[7, 3, 3], [2, 6, 1], [3, 1, 3]]"
three_class,0,0,0,none,LASSO,True,4968,"{""C"": 0.1}",0.6453215281195804,0.5172413793103449,0.4529100529100529,0.7402250527250528,"[[11, 2, 0], [7, 2, 0], [4, 1, 2]]"
three_class,0,0,0,none,LASSO,False,4968,"{""C"": 1.0}",,0.4827586206896552,0.4704924704924704,0.6471768971768972,"[[7, 4, 2], [3, 4, 2], [3, 1, 3]]"
three_class,0,0,0,none,RF,True,4968,"{""max_depth"": 10, ""min_samples_leaf"": 1}",0.8086845712120745,0.8275862068965517,0.8253574382606641,0.866934916934917,"[[13, 0, 0], [4, 5, 0], [1, 0, 6]]"
three_class,0,0,0,none,RF,False,4968,"{""max_depth"": 10, ""min_samples_leaf"": 5}",,0.8275862068965517,0.8253574382606641,0.862004662004662,"[[13, 0, 0], [4, 5, 0], [1, 0, 6]]"
three_class,0,0,0,none,SVM,True,4968,"{""C"": 1, ""gamma"": 0.0001}",0.6552179675111423,0.5517241379310345,0.419047619047619,0.7418669293669294,"[[12, 0, 1], [7, 0, 2], [3, 0, 4]]"
three_class,0,0,0,none,SVM,False,4968,"{""C"": 1.0, ""gamma"": ""scale""}",,0.5172413793103449,0.4044117647058824,0.7214331964331965,"[[10, 0, 3], [7, 0, 2], [2, 0, 5]]"
three_class,0,0,0,anova,LR,True,200,"{""C"": 0.01}",0.6947690551811002,0.5517241379310345,0.5404007756948933,0.6975371850371851,"[[8, 3, 2], [3, 5, 1], [4, 0, 3]]"
three_class,0,0,0,anova,LR,False,50,"{""C"": 1.0}",,0.4482758620689655,0.4501424501424502,0.6353882228882229,"[[6, 5, 2], [4, 4, 1], [4, 0, 3]]"
three_class,0,0,0,anova,LASSO,True,50,"{""C"": 0.1}",0.7083149239855108,0.5172413793103449,0.3648148148148148,0.721990971990972,"[[13, 0, 0], [9, 0, 0], [5, 0, 2]]"
three_class,0,0,0,anova,LASSO,False,50,"{""C"": 1.0}",,0.4482758620689655,0.4346978557504873,0.69008214008214,"[[6, 5, 2], [3, 5, 1], [5, 0, 2]]"
three_class,0,0,0,anova,RF,True,500,"{""max_depth"": null, ""min_samples_leaf"": 1}",0.749699143585628,0.5517241379310345,0.5117570601441569,0.7652842527842528,"[[10, 1, 2], [4, 3, 2], [4, 0, 3]]"
three_class,0,0,0,anova,RF,False,50,"{""max_depth"": 10, ""min_samples_leaf"": 5}",,0.4482758620689655,0.4038336582196231,0.6539548414548415,"[[7, 4, 2], [2, 5, 2], [5, 1, 1]]"
three_class,0,0,0,anova,SVM,True,200,"{""C"": 0.1, ""gamma"": 0.001}",0.7137551668776724,0.4482758620689655,0.2063492063492063,0.6727346727346727,"[[13, 0, 0], [9, 0, 0], [7, 0, 0]]"
three_class,0,0,0,anova,SVM,False,50,"{""C"": 1.0, ""gamma"": ""scale""}",,0.4137931034482758,0.2857142857142857,0.611080586080586,"[[10, 0, 3], [7, 0, 2], [5, 0, 2]]"
three_class,0,0,0,mi,LR,True,100,"{""C"": 10}",0.7266217429823975,0.6206896551724138,0.6332399626517273,0.7561642061642062,"[[5, 5, 3], [3, 6, 0], [0, 0, 7]]"
three_class,0,0,0,mi,LR,False,50,"{""C"": 1.0}",,0.7241379310344828,0.7306397306397306,0.8692464942464943,"[[7, 2, 4], [2, 7, 0], [0, 0, 7]]"
three_class,0,0,0,mi,LASSO,True,100,"{""C"": 5}",0.7115561720950768,0.6206896551724138,0.6332399626517273,0.816159766159766,"[[5, 5, 3], [3, 6, 0], [0, 0, 7]]"
three_class,0,0,0,mi,LASSO,False,50,"{""C"": 1.0}",,0.6206896551724138,0.6148978109762423,0.8289132164132166,"[[8, 2, 3], [6, 3, 0], [0, 0, 7]]"
three_class,0,0,0,mi,RF,True,200,"{""max_depth"": 5, ""min_samples_leaf"": 5}",0.8221785101464888,0.8275862068965517,0.833554376657825,0.8952787952787954,"[[12, 1, 0], [3, 6, 0], [1, 0, 6]]"
three_class,0,0,0,mi,RF,False,50,"{""max_depth"": 10, ""min_samples_leaf"": 5}",,0.6551724137931034,0.6788407670760611,0.7870481370481371,"[[9, 4, 0], [5, 4, 0], [1, 0, 6]]"
three_class,0,0,0,mi,SVM,True,100,"{""C"": 100, ""gamma"": ""scale""}",0.7185264979407783,0.5862068965517241,0.6014635519279482,0.7942643005143006,"[[5, 5, 3], [4, 5, 0], [0, 0, 7]]"
three_class,0,0,0,mi,SVM,False,50,"{""C"": 1.0, ""gamma"": ""scale""}",,0.4482758620689655,0.2063492063492063,0.8412550412550414,"[[13, 0, 0], [9, 0, 0], [7, 0, 0]]"
three_class,1,0,1,none,LR,True,4968,"{""C"": 10}",0.6558025865593234,0.5172413793103449,0.5417529330572809,0.6534164909164909,"[[5, 6, 2], [4, 5, 0], [1, 1, 5]]"
three_class,1,0,1,none,LR,False,4968,"{""C"": 1.0}",,0.5862068965517241,0.5900488400488401,0.672520535020535,"[[7, 4, 2], [3, 6, 0], [1, 2, 4]]"
three_class,1,0,1,none,LASSO,True,4968,"{""C"": 0.1}",0.7035315432521806,0.5172413793103449,0.5164587046939988,0.6846491471491473,"[[8, 4, 1], [5, 4, 0], [4, 0, 3]]"
three_class,1,0,1,none,LASSO,False,4968,"{""C"": 1.0}",,0.4482758620689655,0.449270990447461,0.6253612128612129,"[[6, 4, 3], [5, 3, 1], [2, 1, 4]]"
three_class,1,0,1,none,RF,True,4968,"{""max_depth"": 10, ""min_samples_leaf"": 1}",0.8132217830211169,0.6551724137931034,0.6666666666666666,0.8148693898693898,"[[10, 3, 0], [5, 4, 0], [2, 0, 5]]"
three_class,1,0,1,none,RF,False,4968,"{""max_depth"": 10, ""min_samples_leaf"": 5}",,0.6206896551724138,0.641537074599955,0.7996392496392497,"[[9, 4, 0], [5, 4, 0], [2, 0, 5]]"
three_class,1,0,1,none,SVM,True,4968,"{""C"": 10, ""gamma"": ""scale""}",0.7010983561680781,0.4482758620689655,0.4521170787155442,0.6833670958670958,"[[5, 5, 3], [4, 3, 2], [1, 1, 5]]"
three_class,1,0,1,none,SVM,False,4968,"{""C"": 1.0, ""gamma"": ""scale""}",,0.5517241379310345,0.450347881087919,0.6608960483960484,"[[10, 1, 2], [7, 0, 2], [1, 0, 6]]"
three_class,1,0,1,anova,LR,True,500,"{""C"": 0.01}",0.7801917726368962,0.5517241379310345,0.5631528964862298,0.6795093795093795,"[[7, 4, 2], [4, 5, 0], [3, 0, 4]]"
three_class,1,0,1,anova,LR,False,50,"{""C"": 1.0}",,0.5517241379310345,0.5584615384615385,0.7216931216931216,"[[5, 6, 2], [2, 7, 0], [0, 3, 4]]"
three_class,1,0,1,anova,LASSO,True,50,"{""C"": 0.5}",0.7301612643338274,0.4482758620689655,0.3571428571428571,0.7013870388870389,"[[10, 1, 2], [9, 0, 0], [3, 1, 3]]"
three_class,1,0,1,anova,LASSO,False,50,"{""C"": 1.0}",,0.4827586206896552,0.510006901311249,0.7085451585451586,"[[5, 6, 2], [5, 4, 0], [0, 2, 5]]"
three_class,1,0,1,anova,RF,True,500,"{""max_depth"": 5, ""min_samples_leaf"": 1}",0.8095738374452242,0.6896551724137931,0.7037412666215913,0.8025950900950901,"[[10, 3, 0], [4, 5, 0], [2, 0, 5]]"
three_class,1,0,1,anova,RF,False,50,"{""max_depth"": 10, ""min_samples_leaf"": 5}",,0.6206896551724138,0.6234288587229764,0.741051541051541,"[[8, 1, 4], [3, 5, 1], [2, 0, 5]]"
three_class,1,0,1,anova,SVM,True,500,"{""C"": 10, ""gamma"": 0.0001}",0.7735146528563169,0.4827586206896552,0.4278499278499278,0.6909567284567285,"[[10, 2, 1], [8, 1, 0], [4, 0, 3]]"
three_class,1,0,1,anova,SVM,False,50,"{""C"": 1.0, ""gamma"": ""scale""}",,0.5172413793103449,0.3923444976076555,0.6708351833351833,"[[12, 0, 1], [9, 0, 0], [4, 0, 3]]"
three_class,1,0,1,mi,LR,True,100,"{""C"": 1}",0.7622222755982233,0.5172413793103449,0.5030864197530863,0.6191535316535317,"[[8, 4, 1], [5, 2, 2], [1, 1, 5]]"
three_class,1,0,1,mi,LR,False,50,"{""C"": 1.0}",,0.4827586206896552,0.4664477285166939,0.6129884004884004,"[[8, 4, 1], [7, 1, 1], [1, 1, 5]]"
three_class,1,0,1,mi,LASSO,True,100,"{""C"": 1}",0.7460606735096754,0.5172413793103449,0.4659197012138188,0.5828051578051578,"[[9, 3, 1], [4, 1, 4], [1, 1, 5]]"
three_class,1,0,1,mi,LASSO,False,50,"{""C"": 1.0}",,0.4482758620689655,0.4158730158730159,0.5922619047619048,"[[8, 4, 1], [8, 0, 1], [1, 1, 5]]"
three_class,1,0,1,mi,RF,True,500,"{""max_depth"": 10, ""min_samples_leaf"": 5}",0.82911225212518,0.7241379310344828,0.7305555555555556,0.8308358308358308,"[[11, 2, 0], [4, 5, 0], [2, 0, 5]]"
three_class,1,0,1,mi,RF,False,50,"{""max_depth"": 10, ""min_samples_leaf"": 5}",,0.6551724137931034,0.6645255803470814,0.8412823287823287,"[[10, 3, 0], [5, 4, 0], [1, 1, 5]]"
three_class,1,0,1,mi,SVM,True,10,"{""C"": 100, ""gamma"": ""scale""}",0.7393728097898354,0.7241379310344828,0.7127450980392157,0.8268430643430643,"[[10, 2, 1], [2, 5, 2], [0, 1, 6]]"
three_class,1,0,1,mi,SVM,False,50,"{""C"": 1.0, ""gamma"": ""scale""}",,0.3793103448275862,0.188034188034188,0.5958000333000334,"[[11, 2, 0], [9, 0, 0], [6, 1, 0]]"
three_class,2,0,2,none,LR,True,4968,"{""C"": 10}",0.6837942425006075,0.5862068965517241,0.594017094017094,0.682955932955933,"[[8, 5, 0], [3, 5, 1], [2, 1, 4]]"
three_class,2,0,2,none,LR,False,4968,"{""C"": 1.0}",,0.4827586206896552,0.4253246753246753,0.6603415103415103,"[[8, 5, 0], [4, 5, 0], [3, 3, 1]]"
three_class,2,0,2,none,LASSO,True,4968,"{""C"": 0.1}",0.6776293474662052,0.4827586206896552,0.4831541218637992,0.7286472786472787,"[[8, 4, 1], [7, 2, 0], [3, 0, 4]]"
three_class,2,0,2,none,LASSO,False,4968,"{""C"": 1.0}",,0.4827586206896552,0.4558526440879382,0.6542230917230917,"[[8, 4, 1], [4, 4, 1], [5, 0, 2]]"
three_class,2,0,2,none,RF,True,4968,"{""max_depth"": 10, ""min_samples_leaf"": 1}",0.8390209288589001,0.7586206896551724,0.7455322455322455,0.8574781699781701,"[[13, 0, 0], [5, 4, 0], [2, 0, 5]]"
three_class,2,0,2,none,RF,False,4968,"{""max_depth"": 10, ""min_samples_leaf"": 5}",,0.7241379310344828,0.7182539682539683,0.8657083657083656,"[[12, 1, 0], [5, 4, 0], [2, 0, 5]]"
three_class,2,0,2,none,SVM,True,4968,"{""C"": 10, ""gamma"": 0.0001}",0.7172177573006286,0.4827586206896552,0.4748338081671415,0.6698398823398822,"[[7, 1, 5], [4, 3, 2], [3, 0, 4]]"
three_class,2,0,2,none,SVM,False,4968,"{""C"": 1.0, ""gamma"": ""scale""}",,0.4482758620689655,0.3988233988233987,0.630487567987568,"[[7, 1, 5], [4, 1, 4], [2, 0, 5]]"
three_class,2,0,2,anova,LR,True,50,"{""C"": 0.01}",0.7109777407791298,0.5862068965517241,0.532702591526121,0.8055430680430681,"[[11, 1, 1], [8, 1, 0], [2, 0, 5]]"
three_class,2,0,2,anova,LR,False,50,"{""C"": 1.0}",,0.7241379310344828,0.7203029359892105,0.8512617012617012,"[[10, 1, 2], [3, 6, 0], [1, 1, 5]]"
three_class,2,0,2,anova,LASSO,True,50,"{""C"": 1}",0.7115223185423661,0.6206896551724138,0.6069951553822522,0.8038336663336664,"[[10, 1, 2], [6, 3, 0], [2, 0, 5]]"
three_class,2,0,2,anova,LASSO,False,50,"{""C"": 1.0}",,0.6206896551724138,0.6069951553822522,0.8038336663336664,"[[10, 1, 2], [6, 3, 0], [2, 0, 5]]"
three_class,2,0,2,anova,RF,True,500,"{""max_depth"": 10, ""min_samples_leaf"": 5}",0.7950656899375695,0.6896551724137931,0.704014939309057,0.8210941835941835,"[[9, 3, 1], [4, 5, 0], [1, 0, 6]]"
three_class,2,0,2,anova,RF,False,50,"{""max_depth"": 10, ""min_samples_leaf"": 5}",,0.5517241379310345,0.5508072174738842,0.7680666555666557,"[[8, 4, 1], [4, 4, 1], [2, 1, 4]]"
three_class,2,0,2,anova,SVM,True,200,"{""C"": 10, ""gamma"": 0.0001}",0.7444606969858203,0.5517241379310345,0.5139860139860141,0.7024285899285899,"[[10, 2, 1], [8, 1, 0], [2, 0, 5]]"
three_class,2,0,2,anova,SVM,False,50,"{""C"": 1.0, ""gamma"": ""scale""}",,0.5517241379310345,0.4476190476190476,0.7784100159100159,"[[11, 0, 2], [9, 0, 0], [2, 0, 5]]"
three_class,2,0,2,mi,LR,True,50,"{""C"": 0.1}",0.730113138096392,0.5862068965517241,0.580952380952381,0.7432280682280683,"[[9, 2, 2], [6, 3, 0], [2, 0, 5]]"
three_class,2,0,2,mi,LR,False,50,"{""C"": 1.0}",,0.6206896551724138,0.6227695675971537,0.7303085803085803,"[[9, 2, 2], [5, 4, 0], [2, 0, 5]]"
three_class,2,0,2,mi,LASSO,True,10,"{""C"": 5}",0.721499074032451,0.5172413793103449,0.471326164874552,0.6500647500647501,"[[9, 1, 3], [8, 1, 0], [1, 1, 5]]"
three_class,2,0,2,mi,LASSO,False,50,"{""C"": 1.0}",,0.5172413793103449,0.5025641025641026,0.751510064010064,"[[8, 2, 3], [7, 2, 0], [2, 0, 5]]"
three_class,2,0,2,mi,RF,True,500,"{""max_depth"": 10, ""min_samples_leaf"": 5}",0.81176221529758,0.6896551724137931,0.7037412666215913,0.8261668886668886,"[[10, 3, 0], [4, 5, 0], [2, 0, 5]]"
three_class,2,0,2,mi,RF,False,50,"{""max_depth"": 10, ""min_samples_leaf"": 5}",,0.5517241379310345,0.5310800310800311,0.7284891034891036,"[[10, 3, 0], [8, 1, 0], [2, 0, 5]]"
three_class,2,0,2,mi,SVM,True,50,"{""C"": 10, ""gamma"": ""scale""}",0.7345648137073973,0.5517241379310345,0.5601851851851852,0.7239219114219114,"[[6, 4, 3], [3, 5, 1], [2, 0, 5]]"
three_class,2,0,2,mi,SVM,False,50,"{""C"": 1.0, ""gamma"": ""scale""}",,0.4482758620689655,0.2606060606060605,0.7426938801938802,"[[12, 1, 0], [8, 1, 0], [7, 0, 0]]"
three_class,3,0,3,none,LR,True,4968,"{""C"": 10}",0.6596225330636719,0.6206896551724138,0.6314699792960662,0.7463770835287864,"[[6, 5, 1], [2, 7, 1], [1, 1, 5]]"
three_class,3,0,3,none,LR,False,4968,"{""C"": 1.0}",,0.6206896551724138,0.6375757575757576,0.7093821898775459,"[[8, 4, 0], [4, 6, 0], [1, 2, 4]]"
three_class,3,0,3,none,LASSO,True,4968,"{""C"": 0.1}",0.726775238829179,0.6551724137931034,0.6815873015873016,0.7434698600333275,"[[8, 4, 0], [4, 6, 0], [1, 1, 5]]"
three_class,3,0,3,none,LASSO,False,4968,"{""C"": 1.0}",,0.5517241379310345,0.5700483091787439,0.7207052837083796,"[[6, 5, 1], [4, 6, 0], [1, 2, 4]]"
three_class,3,0,3,none,RF,True,4968,"{""max_depth"": 5, ""min_samples_leaf"": 1}",0.7936524239206232,0.6206896551724138,0.6345059793335656,0.8810683124924611,"[[9, 3, 0], [5, 5, 0], [3, 0, 4]]"
three_class,3,0,3,none,RF,False,4968,"{""max_depth"": 10, ""min_samples_leaf"": 5}",,0.6896551724137931,0.6910457963089541,0.8687746549975651,"[[10, 2, 0], [4, 6, 0], [2, 1, 4]]"
three_class,3,0,3,none,SVM,True,4968,"{""C"": 1, ""gamma"": 0.0001}",0.6655913333210305,0.4827586206896552,0.4339981006647673,0.6940088635135075,"[[8, 2, 2], [5, 1, 4], [2, 0, 5]]"
three_class,3,0,3,none,SVM,False,4968,"{""C"": 1.0, ""gamma"": ""scale""}",,0.4827586206896552,0.4273504273504273,0.6910241289498256,"[[8, 1, 3], [4, 1, 5], [2, 0, 5]]"
three_class,3,0,3,anova,LR,True,200,"{""C"": 0.01}",0.7445982233639059,0.6896551724137931,0.712121212121212,0.8210901585514588,"[[8, 4, 0], [3, 7, 0], [1, 1, 5]]"
three_class,3,0,3,anova,LR,False,50,"{""C"": 1.0}",,0.6551724137931034,0.6529914529914529,0.7437240605971255,"[[9, 2, 1], [4, 6, 0], [1, 2, 4]]"
three_class,3,0,3,anova,LASSO,True,50,"{""C"": 1}",0.7296316646872579,0.4482758620689655,0.439765694076039,0.687722872242996,"[[7, 3, 2], [6, 3, 1], [4, 0, 3]]"
three_class,3,0,3,anova,LASSO,False,50,"{""C"": 1.0}",,0.4482758620689655,0.439765694076039,0.687722872242996,"[[7, 3, 2], [6, 3, 1], [4, 0, 3]]"
three_class,3,0,3,anova,RF,True,500,"{""max_depth"": 5, ""min_samples_leaf"": 5}",0.791752592379893,0.6551724137931034,0.6646464646464646,0.8238926192486563,"[[9, 3, 0], [4, 6, 0], [2, 1, 4]]"
three_class,3,0,3,anova,RF,False,50,"{""max_depth"": 10, ""min_samples_leaf"": 5}",,0.5172413793103449,0.5370370370370371,0.7143967315793942,"[[7, 4, 1], [6, 4, 0], [3, 0, 4]]"
three_class,3,0,3,anova,SVM,True,50,"{""C"": 10, ""gamma"": ""scale""}",0.737432797824579,0.4827586206896552,0.4894419306184012,0.6389838231943495,"[[7, 4, 1], [6, 3, 1], [3, 0, 4]]"
three_class,3,0,3,anova,SVM,False,50,"{""C"": 1.0, ""gamma"": ""scale""}",,0.4827586206896552,0.4634920634920634,0.6672722358480874,"[[8, 2, 2], [7, 2, 1], [3, 0, 4]]"
three_class,3,0,3,mi,LR,True,500,"{""C"": 0.01}",0.7399638073009721,0.7241379310344828,0.7418803418803419,0.8609659174674654,"[[9, 3, 0], [3, 7, 0], [2, 0, 5]]"
three_class,3,0,3,mi,LR,False,50,"{""C"": 1.0}",,0.5172413793103449,0.5310457516339869,0.57123624569445,"[[5, 3, 4], [6, 4, 0], [1, 0, 6]]"
three_class,3,0,3,mi,LASSO,True,200,"{""C"": 0.5}",0.7281987331833325,0.6896551724137931,0.6904761904761906,0.714267174174295,"[[10, 1, 1], [6, 4, 0], [0, 1, 6]]"
three_class,3,0,3,mi,LASSO,False,50,"{""C"": 1.0}",,0.5862068965517241,0.5993516399694889,0.6223515562524851,"[[6, 3, 3], [5, 5, 0], [0, 1, 6]]"
three_class,3,0,3,mi,RF,True,100,"{""max_depth"": null, ""min_samples_leaf"": 1}",0.8411260462242733,0.4827586206896552,0.4986333927510398,0.711383516724074,"[[8, 4, 0], [8, 2, 0], [2, 1, 4]]"
three_class,3,0,3,mi,RF,False,50,"{""max_depth"": 10, ""min_samples_leaf"": 5}",,0.5517241379310345,0.5396825396825397,0.6600467300157702,"[[10, 2, 0], [8, 2, 0], [3, 0, 4]]"
three_class,3,0,3,mi,SVM,True,500,"{""C"": 10, ""gamma"": 0.001}",0.7269835885642362,0.5172413793103449,0.4914862914862914,0.7207316419390724,"[[7, 3, 2], [2, 2, 6], [1, 0, 6]]"
three_class,3,0,3,mi,SVM,False,50,"{""C"": 1.0, ""gamma"": ""scale""}",,0.4137931034482758,0.1951219512195121,0.7536575395708524,"[[12, 0, 0], [10, 0, 0], [7, 0, 0]]"
three_class,4,0,4,none,LR,True,4968,"{""C"": 10}",0.6263339350977972,0.4285714285714285,0.4305555555555555,0.6478336217527948,"[[7, 4, 1], [8, 1, 0], [1, 2, 4]]"
three_class,4,0,4,none,LR,False,4968,"{""C"": 1.0}",,0.4285714285714285,0.4194444444444444,0.658037081791781,"[[8, 4, 0], [8, 1, 0], [2, 2, 3]]"
three_class,4,0,4,none,LASSO,True,4968,"{""C"": 0.1}",0.6843113012803496,0.5714285714285714,0.5553814002089864,0.7242436448263517,"[[9, 2, 1], [5, 4, 0], [3, 1, 3]]"
three_class,4,0,4,none,LASSO,False,4968,"{""C"": 1.0}",,0.5714285714285714,0.5503663003663003,0.7681412111628276,"[[8, 2, 2], [6, 2, 1], [0, 1, 6]]"
three_class,4,0,4,none,RF,True,4968,"{""max_depth"": 5, ""min_samples_leaf"": 1}",0.8063777931290631,0.6785714285714286,0.655362558588365,0.8147768976011457,"[[11, 1, 0], [7, 2, 0], [1, 0, 6]]"
three_class,4,0,4,none,RF,False,4968,"{""max_depth"": 10, ""min_samples_leaf"": 5}",,0.6428571428571429,0.6324786324786325,0.8068683613796396,"[[10, 2, 0], [7, 2, 0], [1, 0, 6]]"
three_class,4,0,4,none,SVM,True,4968,"{""C"": 0.1, ""gamma"": ""scale""}",0.6593128090340489,0.4285714285714285,0.1999999999999999,0.6794764689501532,"[[12, 0, 0], [9, 0, 0], [7, 0, 0]]"
three_class,4,0,4,none,SVM,False,4968,"{""C"": 1.0, ""gamma"": ""scale""}",,0.5357142857142857,0.4372759856630824,0.7090344909893783,"[[10, 1, 1], [7, 0, 2], [2, 0, 5]]"
three_class,4,0,4,anova,LR,True,100,"{""C"": 0.01}",0.7315301679627311,0.5357142857142857,0.5542497625830959,0.778349022357481,"[[7, 4, 1], [6, 3, 0], [2, 0, 5]]"
three_class,4,0,4,anova,LR,False,50,"{""C"": 1.0}",,0.6785714285714286,0.6654456654456654,0.8327173340096272,"[[10, 1, 1], [3, 5, 1], [3, 0, 4]]"
three_class,4,0,4,anova,LASSO,True,100,"{""C"": 1}",0.7134340977616925,0.5,0.5128205128205128,0.7962782700799619,"[[7, 5, 0], [5, 3, 1], [2, 1, 4]]"
three_class,4,0,4,anova,LASSO,False,50,"{""C"": 1.0}",,0.5357142857142857,0.4464285714285714,0.8606697796077496,"[[10, 1, 1], [8, 0, 1], [2, 0, 5]]"
three_class,4,0,4,anova,RF,True,500,"{""max_depth"": 10, ""min_samples_leaf"": 1}",0.8321910794611944,0.6785714285714286,0.669445497031704,0.8188856317380754,"[[10, 1, 1], [6, 3, 0], [1, 0, 6]]"
three_class,4,0,4,anova,RF,False,50,"{""max_depth"": 10, ""min_samples_leaf"": 5}",,0.5714285714285714,0.4949009324009324,0.7598901768309663,"[[11, 0, 1], [7, 1, 1], [2, 1, 4]]"
three_class,4,0,4,anova,SVM,True,100,"{""C"": 10, ""gamma"": 0.0001}",0.7520838693330502,0.4642857142857143,0.3315315315315315,0.7972666040100251,"[[11, 0, 1], [9, 0, 0], [5, 0, 2]]"
three_class,4,0,4,anova,SVM,False,50,"{""C"": 1.0, ""gamma"": ""scale""}",,0.5357142857142857,0.420814479638009,0.8564591041094801,"[[11, 0, 1], [8, 0, 1], [3, 0, 4]]"
three_class,4,0,4,mi,LR,True,20,"{""C"": 10}",0.715670446400814,0.5714285714285714,0.5606837606837607,0.7115438646218721,"[[8, 4, 0], [5, 2, 2], [1, 0, 6]]"
three_class,4,0,4,mi,LR,False,50,"{""C"": 1.0}",,0.5714285714285714,0.5900280112044819,0.700348962684489,"[[7, 5, 0], [5, 3, 1], [1, 0, 6]]"
three_class,4,0,4,mi,LASSO,True,20,"{""C"": 5}",0.6970509782687969,0.5,0.5029982363315696,0.6668618470780124,"[[7, 5, 0], [7, 1, 1], [1, 0, 6]]"
three_class,4,0,4,mi,LASSO,False,50,"{""C"": 1.0}",,0.4285714285714285,0.3098039215686274,0.7157334059354735,"[[9, 3, 0], [6, 3, 0], [7, 0, 0]]"
three_class,4,0,4,mi,RF,True,200,"{""max_depth"": 10, ""min_samples_leaf"": 1}",0.8316443272253388,0.5714285714285714,0.6048265460030166,0.745500283446712,"[[7, 5, 0], [6, 3, 0], [1, 0, 6]]"
three_class,4,0,4,mi,RF,False,50,"{""max_depth"": 10, ""min_samples_leaf"": 5}",,0.6071428571428571,0.6098269546545408,0.7561251839917253,"[[9, 3, 0], [7, 2, 0], [1, 0, 6]]"
three_class,4,0,4,mi,SVM,True,10,"{""C"": 100, ""gamma"": ""scale""}",0.7193252955554811,0.4642857142857143,0.4349206349206349,0.6798637218045113,"[[6, 4, 2], [3, 1, 5], [0, 1, 6]]"
three_class,4,0,4,mi,SVM,False,50,"{""C"": 1.0, ""gamma"": ""scale""}",,0.4285714285714285,0.3098039215686274,0.7355342721884076,"[[9, 3, 0], [6, 3, 0], [7, 0, 0]]"
three_class,5,1,0,none,LR,True,4968,"{""C"": 10}",0.7369552242338416,0.4137931034482758,0.3712121212121212,0.4766344766344766,"[[7, 6, 0], [5, 4, 0], [3, 3, 1]]"
three_class,5,1,0,none,LR,False,4968,"{""C"": 1.0}",,0.3448275862068966,0.264069264069264,0.4807340807340807,"[[6, 6, 1], [5, 4, 0], [4, 3, 0]]"
three_class,5,1,0,none,LASSO,True,4968,"{""C"": 5}",0.7039264163915074,0.4482758620689655,0.3994708994708995,0.5493205868205868,"[[7, 5, 1], [4, 5, 0], [4, 2, 1]]"
three_class,5,1,0,none,LASSO,False,4968,"{""C"": 1.0}",,0.4827586206896552,0.4272904483430799,0.5974136974136974,"[[8, 4, 1], [4, 5, 0], [5, 1, 1]]"
three_class,5,1,0,none,RF,True,4968,"{""max_depth"": 5, ""min_samples_leaf"": 1}",0.8188033875113412,0.6551724137931034,0.6241830065359477,0.8771127021127021,"[[12, 1, 0], [7, 2, 0], [2, 0, 5]]"
three_class,5,1,0,none,RF,False,4968,"{""max_depth"": 10, ""min_samples_leaf"": 5}",,0.6896551724137931,0.6740481740481741,0.8679602804602805,"[[12, 1, 0], [6, 3, 0], [2, 0, 5]]"
three_class,5,1,0,none,SVM,True,4968,"{""C"": 10, ""gamma"": 0.0001}",0.7040877048823585,0.4137931034482758,0.3742857142857143,0.6092412217412218,"[[6, 2, 5], [4, 1, 4], [2, 0, 5]]"
three_class,5,1,0,none,SVM,False,4968,"{""C"": 1.0, ""gamma"": ""scale""}",,0.4827586206896552,0.4233100233100233,0.621495633995634,"[[8, 0, 5], [3, 1, 5], [2, 0, 5]]"
three_class,5,1,0,anova,LR,True,100,"{""C"": 0.01}",0.7360859954108862,0.5862068965517241,0.5630391114262082,0.741051541051541,"[[10, 2, 1], [5, 3, 1], [3, 0, 4]]"
three_class,5,1,0,anova,LR,False,50,"{""C"": 1.0}",,0.5862068965517241,0.5555555555555555,0.7457722832722832,"[[10, 2, 1], [4, 4, 1], [3, 1, 3]]"
three_class,5,1,0,anova,LASSO,True,20,"{""C"": 5}",0.7380809915486016,0.5517241379310345,0.4608946608946608,0.6555453805453805,"[[12, 0, 1], [5, 2, 2], [5, 0, 2]]"
three_class,5,1,0,anova,LASSO,False,50,"{""C"": 1.0}",,0.5517241379310345,0.4814205402440696,0.6900506900506901,"[[11, 1, 1], [7, 1, 1], [3, 0, 4]]"
three_class,5,1,0,anova,RF,True,500,"{""max_depth"": 5, ""min_samples_leaf"": 1}",0.8284831056355645,0.5862068965517241,0.5372759856630824,0.7506757131757132,"[[10, 2, 1], [7, 1, 1], [1, 0, 6]]"
three_class,5,1,0,anova,RF,False,50,"{""max_depth"": 10, ""min_samples_leaf"": 5}",,0.3448275862068966,0.304383788254756,0.6185878935878936,"[[7, 5, 1], [7, 0, 2], [4, 0, 3]]"
three_class,5,1,0,anova,SVM,True,50,"{""C"": 0.1, ""gamma"": ""scale""}",0.7368933818217237,0.5172413793103449,0.3828828828828829,0.621515984015984,"[[12, 0, 1], [8, 0, 1], [4, 0, 3]]"
three_class,5,1,0,anova,SVM,False,50,"{""C"": 1.0, ""gamma"": ""scale""}",,0.5517241379310345,0.419047619047619,0.6503380878380878,"[[12, 0, 1], [7, 0, 2], [3, 0, 4]]"
three_class,5,1,0,mi,LR,True,10,"{""C"": 10}",0.7563918575889966,0.5517241379310345,0.5129282482223659,0.7074684574684574,"[[9, 1, 3], [5, 2, 2], [1, 1, 5]]"
three_class,5,1,0,mi,LR,False,50,"{""C"": 1.0}",,0.6206896551724138,0.6198830409356725,0.7304427054427055,"[[8, 3, 2], [3, 5, 1], [0, 2, 5]]"
three_class,5,1,0,mi,LASSO,True,10,"{""C"": 5}",0.7500333141555234,0.5172413793103449,0.4888473908081751,0.6995980870980872,"[[8, 2, 3], [5, 2, 2], [1, 1, 5]]"
three_class,5,1,0,mi,LASSO,False,50,"{""C"": 1.0}",,0.5862068965517241,0.5760784313725491,0.6900224775224775,"[[8, 2, 3], [3, 4, 2], [1, 1, 5]]"
three_class,5,1,0,mi,RF,True,500,"{""max_depth"": 5, ""min_samples_leaf"": 5}",0.8296711355563716,0.6551724137931034,0.6498015873015873,0.8126655751655751,"[[11, 2, 0], [6, 3, 0], [2, 0, 5]]"
three_class,5,1,0,mi,RF,False,50,"{""max_depth"": 10, ""min_samples_leaf"": 5}",,0.5517241379310345,0.5160256410256411,0.7548146298146298,"[[10, 3, 0], [7, 1, 1], [2, 0, 5]]"
three_class,5,1,0,mi,SVM,True,10,"{""C"": 0.1, ""gamma"": 0.01}",0.7724755284494927,0.4482758620689655,0.2063492063492063,0.7209110334110335,"[[13, 0, 0], [9, 0, 0], [7, 0, 0]]"
three_class,5,1,0,mi,SVM,False,50,"{""C"": 1.0, ""gamma"": ""scale""}",,0.4827586206896552,0.3787335722819594,0.6983086358086358,"[[9, 0, 4], [7, 0, 2], [2, 0, 5]]"
three_class,6,1,1,none,LR,True,4968,"{""C"": 10}",0.6688684014503007,0.4482758620689655,0.4516063646498429,0.6043035668035667,"[[4, 6, 3], [3, 6, 0], [3, 1, 3]]"
three_class,6,1,1,none,LR,False,4968,"{""C"": 1.0}",,0.3448275862068966,0.2711111111111111,0.5466380841380841,"[[4, 7, 2], [3, 6, 0], [4, 3, 0]]"
three_class,6,1,1,none,LASSO,True,4968,"{""C"": 0.1}",0.6790592067386362,0.5172413793103449,0.3887147335423197,0.6723507973507973,"[[9, 4, 0], [3, 6, 0], [4, 3, 0]]"
three_class,6,1,1,none,LASSO,False,4968,"{""C"": 1.0}",,0.3793103448275862,0.358054226475279,0.6430342805342805,"[[2, 9, 2], [2, 7, 0], [2, 3, 2]]"
three_class,6,1,1,none,RF,True,4968,"{""max_depth"": 5, ""min_samples_leaf"": 1}",0.7848413011287457,0.7931034482758621,0.7944444444444444,0.8818371443371443,"[[12, 1, 0], [3, 6, 0], [2, 0, 5]]"
three_class,6,1,1,none,RF,False,4968,"{""max_depth"": 10, ""min_samples_leaf"": 5}",,0.7931034482758621,0.7889339643903539,0.8796527546527546,"[[12, 1, 0], [3, 6, 0], [1, 1, 5]]"
three_class,6,1,1,none,SVM,True,4968,"{""C"": 10, ""gamma"": ""scale""}",0.705900972365831,0.5517241379310345,0.5492072427056947,0.6607085044585045,"[[6, 4, 3], [0, 6, 3], [3, 0, 4]]"
three_class,6,1,1,none,SVM,False,4968,"{""C"": 1.0, ""gamma"": ""scale""}",,0.5172413793103449,0.4222222222222222,0.6188360250860251,"[[11, 0, 2], [5, 1, 3], [4, 0, 3]]"
three_class,6,1,1,anova,LR,True,200,"{""C"": 0.01}",0.7490439813804151,0.3103448275862069,0.2849168375484165,0.6047979797979798,"[[5, 5, 3], [6, 3, 0], [4, 2, 1]]"
three_class,6,1,1,anova,LR,False,50,"{""C"": 1.0}",,0.3103448275862069,0.238095238095238,0.5283882783882784,"[[6, 5, 2], [6, 3, 0], [3, 4, 0]]"
three_class,6,1,1,anova,LASSO,True,20,"{""C"": 5}",0.7121900050564961,0.3103448275862069,0.1666666666666666,0.5391682391682392,"[[9, 2, 2], [9, 0, 0], [5, 2, 0]]"
three_class,6,1,1,anova,LASSO,False,50,"{""C"": 1.0}",,0.3793103448275862,0.3439153439153439,0.6486333111333112,"[[6, 6, 1], [5, 4, 0], [4, 2, 1]]"
three_class,6,1,1,anova,RF,True,500,"{""max_depth"": 10, ""min_samples_leaf"": 1}",0.8054716622433612,0.6896551724137931,0.678517560870502,0.8141883579383579,"[[10, 1, 2], [3, 6, 0], [2, 1, 4]]"
three_class,6,1,1,anova,RF,False,50,"{""max_depth"": 10, ""min_samples_leaf"": 5}",,0.4827586206896552,0.4607182940516274,0.6374153624153625,"[[7, 4, 2], [4, 5, 0], [3, 2, 2]]"
three_class,6,1,1,anova,SVM,True,500,"{""C"": 10, ""gamma"": 0.0001}",0.767984245524039,0.4827586206896552,0.4225589225589226,0.6678280053280053,"[[9, 3, 1], [5, 4, 0], [6, 0, 1]]"
three_class,6,1,1,anova,SVM,False,50,"{""C"": 1.0, ""gamma"": ""scale""}",,0.4482758620689655,0.2740740740740741,0.688460150960151,"[[12, 0, 1], [9, 0, 0], [6, 0, 1]]"
three_class,6,1,1,mi,LR,True,500,"{""C"": 0.01}",0.7251179889758509,0.4827586206896552,0.4592592592592592,0.759052984052984,"[[8, 4, 1], [5, 4, 0], [4, 1, 2]]"
three_class,6,1,1,mi,LR,False,50,"{""C"": 1.0}",,0.6551724137931034,0.6077712609970675,0.7704212454212455,"[[11, 0, 2], [6, 2, 1], [1, 0, 6]]"
three_class,6,1,1,mi,LASSO,True,200,"{""C"": 1}",0.7281393174916436,0.3793103448275862,0.3357228195937873,0.6456580456580457,"[[7, 5, 1], [6, 3, 0], [5, 1, 1]]"
three_class,6,1,1,mi,LASSO,False,50,"{""C"": 1.0}",,0.4827586206896552,0.3162393162393162,0.7121748621748623,"[[12, 1, 0], [7, 2, 0], [7, 0, 0]]"
three_class,6,1,1,mi,RF,True,200,"{""max_depth"": 10, ""min_samples_leaf"": 1}",0.8183975611554808,0.6896551724137931,0.6466089466089467,0.85501258001258,"[[13, 0, 0], [7, 2, 0], [2, 0, 5]]"
three_class,6,1,1,mi,RF,False,50,"{""max_depth"": 10, ""min_samples_leaf"": 5}",,0.7241379310344828,0.7182539682539683,0.7353299478299479,"[[12, 1, 0], [5, 4, 0], [2, 0, 5]]"
three_class,6,1,1,mi,SVM,True,500,"{""C"": 0.1, ""gamma"": 0.0001}",0.7145516071529592,0.4482758620689655,0.2063492063492063,0.7397542272542271,"[[13, 0, 0], [9, 0, 0], [7, 0, 0]]"
three_class,6,1,1,mi,SVM,False,50,"{""C"": 1.0, ""gamma"": ""scale""}",,0.4482758620689655,0.2063492063492063,0.7942025567025567,"[[13, 0, 0], [9, 0, 0], [7, 0, 0]]"
three_class,7,1,2,none,LR,True,4968,"{""C"": 10}",0.6939211087213444,0.4482758620689655,0.4623015873015872,0.6489496614496615,"[[4, 6, 3], [4, 4, 1], [0, 2, 5]]"
three_class,7,1,2,none,LR,False,4968,"{""C"": 1.0}",,0.4827586206896552,0.4794871794871795,0.631942131942132,"[[7, 5, 1], [4, 4, 1], [2, 2, 3]]"
three_class,7,1,2,none,LASSO,True,4968,"{""C"": 0.5}",0.6780399222452799,0.4827586206896552,0.4890788224121558,0.6066179191179191,"[[7, 5, 1], [5, 3, 1], [2, 1, 4]]"
three_class,7,1,2,none,LASSO,False,4968,"{""C"": 1.0}",,0.4137931034482758,0.4170557111733582,0.5998117623117623,"[[6, 5, 2], [6, 2, 1], [2, 1, 4]]"
three_class,7,1,2,none,RF,True,4968,"{""max_depth"": 5, ""min_samples_leaf"": 1}",0.8417266333890884,0.6206896551724138,0.6075036075036074,0.7682609057609057,"[[11, 2, 0], [6, 3, 0], [3, 0, 4]]"
three_class,7,1,2,none,RF,False,4968,"{""max_depth"": 10, ""min_samples_leaf"": 5}",,0.6206896551724138,0.6075036075036074,0.7679047804047805,"[[11, 2, 0], [6, 3, 0], [3, 0, 4]]"
three_class,7,1,2,none,SVM,True,4968,"{""C"": 10, ""gamma"": 0.0001}",0.6541902668064418,0.5517241379310345,0.5384615384615384,0.6727587227587227,"[[8, 3, 2], [4, 3, 2], [1, 1, 5]]"
three_class,7,1,2,none,SVM,False,4968,"{""C"": 1.0, ""gamma"": ""scale""}",,0.4827586206896552,0.4416666666666666,0.6852864727864727,"[[8, 2, 3], [7, 1, 1], [2, 0, 5]]"
three_class,7,1,2,anova,LR,True,200,"{""C"": 0.1}",0.7729365047106628,0.5172413793103449,0.5251960784313726,0.6892834017834018,"[[6, 4, 3], [4, 4, 1], [2, 0, 5]]"
three_class,7,1,2,anova,LR,False,50,"{""C"": 1.0}",,0.4827586206896552,0.5004830917874395,0.6598549598549598,"[[5, 6, 2], [4, 4, 1], [1, 1, 5]]"
three_class,7,1,2,anova,LASSO,True,100,"{""C"": 5}",0.7320255868378865,0.4482758620689655,0.4467647058823529,0.6624347874347875,"[[6, 4, 3], [6, 2, 1], [0, 2, 5]]"
three_class,7,1,2,anova,LASSO,False,50,"{""C"": 1.0}",,0.5862068965517241,0.601889338731444,0.6834545084545084,"[[8, 5, 0], [4, 4, 1], [1, 1, 5]]"
three_class,7,1,2,anova,RF,True,500,"{""max_depth"": 10, ""min_samples_leaf"": 1}",0.8207623687341408,0.5517241379310345,0.5609726295210167,0.7374791874791876,"[[9, 4, 0], [6, 3, 0], [3, 0, 4]]"
three_class,7,1,2,anova,RF,False,50,"{""max_depth"": 10, ""min_samples_leaf"": 5}",,0.5517241379310345,0.5384615384615384,0.6985384985384986,"[[9, 3, 1], [5, 3, 1], [3, 0, 4]]"
three_class,7,1,2,anova,SVM,True,200,"{""C"": 100, ""gamma"": 0.0001}",0.7758836511114219,0.5862068965517241,0.5913715913715913,0.7074101824101824,"[[8, 4, 1], [4, 4, 1], [1, 1, 5]]"
three_class,7,1,2,anova,SVM,False,50,"{""C"": 1.0, ""gamma"": ""scale""}",,0.4137931034482758,0.4206349206349206,0.6376877751877751,"[[6, 6, 1], [5, 3, 1], [4, 0, 3]]"
three_class,7,1,2,mi,LR,True,50,"{""C"": 0.1}",0.7624445526934046,0.5517241379310345,0.4777988614800759,0.7107133607133608,"[[10, 0, 3], [6, 1, 2], [2, 0, 5]]"
three_class,7,1,2,mi,LR,False,50,"{""C"": 1.0}",,0.5172413793103449,0.5049624060150376,0.7101319976319975,"[[7, 2, 4], [3, 3, 3], [2, 0, 5]]"
three_class,7,1,2,mi,LASSO,True,50,"{""C"": 1}",0.7536662459018872,0.4827586206896552,0.4344622697563873,0.7182872682872684,"[[8, 1, 4], [7, 1, 1], [2, 0, 5]]"
three_class,7,1,2,mi,LASSO,False,50,"{""C"": 1.0}",,0.4827586206896552,0.4344622697563873,0.7182872682872684,"[[8, 1, 4], [7, 1, 1], [2, 0, 5]]"
three_class,7,1,2,mi,RF,True,500,"{""max_depth"": 5, ""min_samples_leaf"": 1}",0.8387474249760868,0.5517241379310345,0.5396464646464646,0.8246753246753246,"[[10, 3, 0], [7, 2, 0], [2, 1, 4]]"
three_class,7,1,2,mi,RF,False,50,"{""max_depth"": 10, ""min_samples_leaf"": 5}",,0.5172413793103449,0.5381635907951697,0.7208328708328708,"[[8, 5, 0], [6, 3, 0], [1, 2, 4]]"
three_class,7,1,2,mi,SVM,True,100,"{""C"": 100, ""gamma"": 0.0001}",0.7458479726530656,0.4482758620689655,0.2166666666666666,0.6315305065305065,"[[13, 0, 0], [7, 0, 2], [7, 0, 0]]"
three_class,7,1,2,mi,SVM,False,50,"{""C"": 1.0, ""gamma"": ""scale""}",,0.4482758620689655,0.2063492063492063,0.6698380323380323,"[[13, 0, 0], [9, 0, 0], [7, 0, 0]]"
three_class,8,1,3,none,LR,True,4968,"{""C"": 0.01}",0.7077311406362566,0.5862068965517241,0.5557131041002009,0.7482319881700685,"[[10, 1, 1], [7, 2, 1], [2, 0, 5]]"
three_class,8,1,3,none,LR,False,4968,"{""C"": 1.0}",,0.5862068965517241,0.5773809523809524,0.7292594230674726,"[[9, 2, 1], [6, 3, 1], [1, 1, 5]]"
three_class,8,1,3,none,LASSO,True,4968,"{""C"": 0.1}",0.6712766640533149,0.5862068965517241,0.5897435897435898,0.6891225389677403,"[[9, 2, 1], [7, 3, 0], [2, 0, 5]]"
three_class,8,1,3,none,LASSO,False,4968,"{""C"": 1.0}",,0.4827586206896552,0.4810784313725491,0.6874396329504688,"[[6, 2, 4], [6, 3, 1], [1, 1, 5]]"
three_class,8,1,3,none,RF,True,4968,"{""max_depth"": 10, ""min_samples_leaf"": 1}",0.8402425576604826,0.7586206896551724,0.7688992042440318,0.8868589700633045,"[[11, 1, 0], [5, 5, 0], [1, 0, 6]]"
three_class,8,1,3,none,RF,False,4968,"{""max_depth"": 10, ""min_samples_leaf"": 5}",,0.7931034482758621,0.7965811965811967,0.8561617948614852,"[[12, 0, 0], [5, 5, 0], [1, 0, 6]]"
three_class,8,1,3,none,SVM,True,4968,"{""C"": 10, ""gamma"": 0.0001}",0.68080801826576,0.5517241379310345,0.4883040935672514,0.7032218469524971,"[[9, 0, 3], [6, 1, 3], [0, 1, 6]]"
three_class,8,1,3,none,SVM,False,4968,"{""C"": 1.0, ""gamma"": ""scale""}",,0.5862068965517241,0.5161616161616162,0.7522842310768008,"[[9, 0, 3], [6, 1, 3], [0, 0, 7]]"
three_class,8,1,3,anova,LR,True,10,"{""C"": 0.1}",0.7159713989741786,0.4482758620689655,0.3669467787114846,0.7437982210428031,"[[9, 0, 3], [10, 0, 0], [3, 0, 4]]"
three_class,8,1,3,anova,LR,False,50,"{""C"": 1.0}",,0.5862068965517241,0.5555555555555555,0.6822718561108654,"[[10, 1, 1], [5, 4, 1], [3, 1, 3]]"
three_class,8,1,3,anova,LASSO,True,10,"{""C"": 5}",0.7144443201520057,0.4827586206896552,0.4425019425019424,0.7547969746112161,"[[9, 1, 2], [9, 1, 0], [3, 0, 4]]"
three_class,8,1,3,anova,LASSO,False,50,"{""C"": 1.0}",,0.5172413793103449,0.453102453102453,0.8086562216593176,"[[10, 0, 2], [8, 1, 1], [3, 0, 4]]"
three_class,8,1,3,anova,RF,True,200,"{""max_depth"": 5, ""min_samples_leaf"": 1}",0.7819348942668003,0.6206896551724138,0.610936955764542,0.858228458847654,"[[9, 2, 1], [4, 6, 0], [4, 0, 3]]"
three_class,8,1,3,anova,RF,False,50,"{""max_depth"": 10, ""min_samples_leaf"": 5}",,0.5517241379310345,0.5333333333333333,0.791834756231041,"[[9, 1, 2], [6, 4, 0], [3, 1, 3]]"
three_class,8,1,3,anova,SVM,True,200,"{""C"": 1, ""gamma"": 0.0001}",0.7228909736384758,0.4827586206896552,0.38001638001638,0.762166110463324,"[[11, 0, 1], [10, 0, 0], [4, 0, 3]]"
three_class,8,1,3,anova,SVM,False,50,"{""C"": 1.0, ""gamma"": ""scale""}",,0.5517241379310345,0.453781512605042,0.8016650360303611,"[[11, 0, 1], [9, 0, 1], [2, 0, 5]]"
three_class,8,1,3,mi,LR,True,100,"{""C"": 1}",0.7688268495890012,0.5517241379310345,0.5588235294117647,0.7605779153766771,"[[6, 4, 2], [6, 3, 1], [0, 0, 7]]"
three_class,8,1,3,mi,LR,False,50,"{""C"": 1.0}",,0.5862068965517241,0.5966788629327329,0.7193896059221138,"[[6, 5, 1], [4, 4, 2], [0, 0, 7]]"
three_class,8,1,3,mi,LASSO,True,20,"{""C"": 5}",0.7475859218008568,0.5517241379310345,0.5703661327231121,0.7310843954806803,"[[5, 4, 3], [5, 5, 0], [1, 0, 6]]"
three_class,8,1,3,mi,LASSO,False,50,"{""C"": 1.0}",,0.5517241379310345,0.5648148148148148,0.7092115315025532,"[[6, 4, 2], [5, 4, 1], [1, 0, 6]]"
three_class,8,1,3,mi,RF,True,500,"{""max_depth"": 10, ""min_samples_leaf"": 1}",0.8625502517471566,0.7931034482758621,0.8048911872441286,0.8914467541402525,"[[11, 1, 0], [4, 6, 0], [1, 0, 6]]"
three_class,8,1,3,mi,RF,False,50,"{""max_depth"": 10, ""min_samples_leaf"": 5}",,0.5517241379310345,0.601025641025641,0.7776562618667882,"[[6, 6, 0], [6, 4, 0], [1, 0, 6]]"
three_class,8,1,3,mi,SVM,True,20,"{""C"": 100, ""gamma"": ""scale""}",0.7663162933972791,0.5862068965517241,0.5892255892255892,0.7760448357971578,"[[4, 6, 2], [2, 6, 2], [0, 0, 7]]"
three_class,8,1,3,mi,SVM,False,50,"{""C"": 1.0, ""gamma"": ""scale""}",,0.3793103448275862,0.1833333333333333,0.7421740626074991,"[[11, 1, 0], [10, 0, 0], [7, 0, 0]]"
three_class,9,1,4,none,LR,True,4968,"{""C"": 10}",0.6033234045218061,0.6071428571428571,0.5966666666666667,0.7497780910609858,"[[8, 3, 1], [4, 3, 2], [1, 0, 6]]"
three_class,9,1,4,none,LR,False,4968,"{""C"": 1.0}",,0.5714285714285714,0.5375604787369493,0.7721007628197478,"[[10, 2, 0], [5, 3, 1], [1, 3, 3]]"
three_class,9,1,4,none,LASSO,True,4968,"{""C"": 0.5}",0.6599731559677932,0.4642857142857143,0.4404761904761904,0.6773978597286868,"[[8, 3, 1], [6, 2, 1], [2, 2, 3]]"
three_class,9,1,4,none,LASSO,False,4968,"{""C"": 1.0}",,0.4642857142857143,0.4404761904761904,0.6616615944623464,"[[8, 3, 1], [6, 2, 1], [2, 2, 3]]"
three_class,9,1,4,none,RF,True,4968,"{""max_depth"": 5, ""min_samples_leaf"": 1}",0.8131667280572467,0.6785714285714286,0.6547008547008547,0.8554185563114135,"[[11, 1, 0], [7, 2, 0], [0, 1, 6]]"
three_class,9,1,4,none,RF,False,4968,"{""max_depth"": 10, ""min_samples_leaf"": 5}",,0.7142857142857143,0.6768679349324511,0.8760051169590644,"[[12, 0, 0], [7, 2, 0], [0, 1, 6]]"
three_class,9,1,4,none,SVM,True,4968,"{""C"": 1, ""gamma"": 0.0001}",0.6767725578430143,0.4642857142857143,0.3568627450980392,0.6741376009468114,"[[9, 0, 3], [6, 0, 3], [3, 0, 4]]"
three_class,9,1,4,none,SVM,False,4968,"{""C"": 1.0, ""gamma"": ""scale""}",,0.4642857142857143,0.3568627450980392,0.6740278896646378,"[[9, 0, 3], [6, 0, 3], [3, 0, 4]]"
three_class,9,1,4,anova,LR,True,200,"{""C"": 0.01}",0.7078529833405788,0.6071428571428571,0.597979797979798,0.8166547320682659,"[[10, 2, 0], [6, 3, 0], [2, 1, 4]]"
three_class,9,1,4,anova,LR,False,50,"{""C"": 1.0}",,0.6428571428571429,0.6389759665621735,0.778671007876835,"[[10, 2, 0], [5, 4, 0], [2, 1, 4]]"
three_class,9,1,4,anova,LASSO,True,10,"{""C"": 5}",0.6966508641668862,0.4642857142857143,0.4112762237762237,0.7488811313999285,"[[9, 1, 2], [7, 2, 0], [4, 1, 2]]"
three_class,9,1,4,anova,LASSO,False,50,"{""C"": 1.0}",,0.5357142857142857,0.5386243386243387,0.7342674642956598,"[[8, 4, 0], [5, 4, 0], [3, 1, 3]]"
three_class,9,1,4,anova,RF,True,500,"{""max_depth"": 5, ""min_samples_leaf"": 1}",0.7965975196137641,0.7142857142857143,0.6888888888888888,0.8813961988304092,"[[11, 1, 0], [7, 2, 0], [0, 0, 7]]"
three_class,9,1,4,anova,RF,False,50,"{""max_depth"": 10, ""min_samples_leaf"": 5}",,0.4642857142857143,0.4649488442591891,0.7194567519990452,"[[7, 4, 1], [8, 1, 0], [2, 0, 5]]"
three_class,9,1,4,anova,SVM,True,200,"{""C"": 1, ""gamma"": 0.001}",0.7172662866185574,0.4642857142857143,0.3722943722943723,0.7740332975295382,"[[10, 1, 1], [9, 0, 0], [4, 0, 3]]"
three_class,9,1,4,anova,SVM,False,50,"{""C"": 1.0, ""gamma"": ""scale""}",,0.4642857142857143,0.396078431372549,0.7452914279746986,"[[10, 2, 0], [9, 0, 0], [3, 1, 3]]"
three_class,9,1,4,mi,LR,True,10,"{""C"": 10}",0.7446115070641922,0.6785714285714286,0.6323232323232323,0.7644576470939253,"[[11, 0, 1], [6, 2, 1], [1, 0, 6]]"
three_class,9,1,4,mi,LR,False,50,"{""C"": 1.0}",,0.6428571428571429,0.6186274509803922,0.8377031368102797,"[[9, 2, 1], [3, 3, 3], [0, 1, 6]]"
three_class,9,1,4,mi,LASSO,True,10,"{""C"": 5}",0.7529966511029021,0.5,0.3317384370015949,0.7414922474837887,"[[12, 0, 0], [7, 2, 0], [7, 0, 0]]"
three_class,9,1,4,mi,LASSO,False,50,"{""C"": 1.0}",,0.6785714285714286,0.6659611992945327,0.846739865536858,"[[10, 2, 0], [5, 3, 1], [0, 1, 6]]"
three_class,9,1,4,mi,RF,True,500,"{""max_depth"": 10, ""min_samples_leaf"": 1}",0.8098828882699799,0.6785714285714286,0.679120879120879,0.8544438974420178,"[[10, 2, 0], [6, 3, 0], [0, 1, 6]]"
three_class,9,1,4,mi,RF,False,50,"{""max_depth"": 10, ""min_samples_leaf"": 5}",,0.6785714285714286,0.679120879120879,0.7649474629032899,"[[10, 2, 0], [6, 3, 0], [0, 1, 6]]"
three_class,9,1,4,mi,SVM,True,20,"{""C"": 10, ""gamma"": ""scale""}",0.77233532926641,0.4285714285714285,0.3804441172862225,0.7336592348927876,"[[4, 1, 7], [3, 1, 5], [0, 0, 7]]"
three_class,9,1,4,mi,SVM,False,50,"{""C"": 1.0, ""gamma"": ""scale""}",,0.4285714285714285,0.3068181818181818,0.6735672887576083,"[[9, 3, 0], [6, 3, 0], [6, 1, 0]]"
three_class,10,2,0,none,LR,True,4968,"{""C"": 10}",0.6592742175741116,0.5172413793103449,0.4998258446534309,0.6145465645465645,"[[9, 3, 1], [6, 3, 0], [1, 3, 3]]"
three_class,10,2,0,none,LR,False,4968,"{""C"": 1.0}",,0.5172413793103449,0.4998258446534309,0.6201654826654827,"[[9, 3, 1], [6, 3, 0], [1, 3, 3]]"
three_class,10,2,0,none,LASSO,True,4968,"{""C"": 0.1}",0.6620168751833124,0.5172413793103449,0.4608058608058608,0.7023101898101899,"[[11, 2, 0], [8, 1, 0], [3, 1, 3]]"
three_class,10,2,0,none,LASSO,False,4968,"{""C"": 1.0}",,0.4137931034482758,0.4333333333333333,0.5960285085285085,"[[7, 6, 0], [7, 2, 0], [1, 3, 3]]"
three_class,10,2,0,none,RF,True,4968,"{""max_depth"": 10, ""min_samples_leaf"": 1}",0.8124962577781417,0.7931034482758621,0.7944444444444444,0.8418202168202168,"[[12, 1, 0], [3, 6, 0], [2, 0, 5]]"
three_class,10,2,0,none,RF,False,4968,"{""max_depth"": 10, ""min_samples_leaf"": 5}",,0.7586206896551724,0.7580645161290324,0.8294191919191919,"[[12, 1, 0], [4, 5, 0], [2, 0, 5]]"
three_class,10,2,0,none,SVM,True,4968,"{""C"": 10, ""gamma"": ""scale""}",0.6872535351354907,0.4137931034482758,0.3918456271397447,0.6473873348873348,"[[6, 3, 4], [7, 1, 1], [1, 1, 5]]"
three_class,10,2,0,none,SVM,False,4968,"{""C"": 1.0, ""gamma"": ""scale""}",,0.4827586206896552,0.4435234305923961,0.6570660820660821,"[[8, 2, 3], [7, 1, 1], [1, 1, 5]]"
three_class,10,2,0,anova,LR,True,200,"{""C"": 0.1}",0.7214155233570018,0.5517241379310345,0.5562610229276896,0.6997053872053872,"[[8, 5, 0], [4, 5, 0], [2, 2, 3]]"
three_class,10,2,0,anova,LR,False,50,"{""C"": 1.0}",,0.5172413793103449,0.555000555000555,0.7483447108447109,"[[5, 8, 0], [3, 6, 0], [0, 3, 4]]"
three_class,10,2,0,anova,LASSO,True,200,"{""C"": 5}",0.6879557484249199,0.5517241379310345,0.5905982905982906,0.6991240241240241,"[[7, 6, 0], [5, 4, 0], [1, 1, 5]]"
three_class,10,2,0,anova,LASSO,False,50,"{""C"": 1.0}",,0.4827586206896552,0.5239057239057239,0.7644545269545269,"[[4, 9, 0], [3, 6, 0], [0, 3, 4]]"
three_class,10,2,0,anova,RF,True,500,"{""max_depth"": 10, ""min_samples_leaf"": 1}",0.7901302472744977,0.6896551724137931,0.701058201058201,0.8118030118030117,"[[10, 3, 0], [4, 5, 0], [1, 1, 5]]"
three_class,10,2,0,anova,RF,False,50,"{""max_depth"": 10, ""min_samples_leaf"": 5}",,0.5862068965517241,0.586946386946387,0.7580359455359454,"[[8, 5, 0], [3, 6, 0], [2, 2, 3]]"
three_class,10,2,0,anova,SVM,True,200,"{""C"": 10, ""gamma"": 0.0001}",0.7118595672863223,0.5862068965517241,0.5252525252525252,0.7424256299256299,"[[12, 1, 0], [8, 1, 0], [3, 0, 4]]"
three_class,10,2,0,anova,SVM,False,50,"{""C"": 1.0, ""gamma"": ""scale""}",,0.5517241379310345,0.5600713012477718,0.7279470529470529,"[[3, 10, 0], [0, 9, 0], [1, 2, 4]]"
three_class,10,2,0,mi,LR,True,200,"{""C"": 0.1}",0.7784250636290114,0.5517241379310345,0.5342077277561149,0.750980500980501,"[[9, 2, 2], [7, 2, 0], [2, 0, 5]]"
three_class,10,2,0,mi,LR,False,50,"{""C"": 1.0}",,0.5862068965517241,0.5695006747638327,0.8572802197802197,"[[8, 1, 4], [4, 3, 2], [1, 0, 6]]"
three_class,10,2,0,mi,LASSO,True,200,"{""C"": 5}",0.7929402117036242,0.5517241379310345,0.5657305657305657,0.7636109261109262,"[[7, 4, 2], [5, 4, 0], [1, 1, 5]]"
three_class,10,2,0,mi,LASSO,False,50,"{""C"": 1.0}",,0.5862068965517241,0.5856950067476383,0.8693685943685944,"[[8, 0, 5], [3, 4, 2], [2, 0, 5]]"
three_class,10,2,0,mi,RF,True,500,"{""max_depth"": 5, ""min_samples_leaf"": 1}",0.817837491674018,0.6206896551724138,0.6507472384665367,0.7912111037111037,"[[8, 5, 0], [4, 5, 0], [2, 0, 5]]"
three_class,10,2,0,mi,RF,False,50,"{""max_depth"": 10, ""min_samples_leaf"": 5}",,0.6551724137931034,0.6563958916900093,0.8080868205868206,"[[9, 3, 1], [3, 5, 1], [2, 0, 5]]"
three_class,10,2,0,mi,SVM,True,200,"{""C"": 100, ""gamma"": 0.001}",0.7679003491861768,0.5517241379310345,0.5365622032288699,0.6916014541014541,"[[8, 1, 4], [4, 3, 2], [2, 0, 5]]"
three_class,10,2,0,mi,SVM,False,50,"{""C"": 1.0, ""gamma"": ""scale""}",,0.5517241379310345,0.5451967387451259,0.7562039812039812,"[[9, 3, 1], [7, 2, 0], [2, 0, 5]]"
three_class,11,2,1,none,LR,True,4968,"{""C"": 10}",0.6889633415653494,0.3448275862068966,0.35906432748538,0.6026889776889776,"[[4, 6, 3], [6, 2, 1], [1, 2, 4]]"
three_class,11,2,1,none,LR,False,4968,"{""C"": 1.0}",,0.4137931034482758,0.4293650793650793,0.5651445776445777,"[[5, 6, 2], [5, 3, 1], [1, 2, 4]]"
three_class,11,2,1,none,LASSO,True,4968,"{""C"": 0.5}",0.6785252593198168,0.6206896551724138,0.6311111111111111,0.7532874532874533,"[[7, 5, 1], [2, 7, 0], [3, 0, 4]]"
three_class,11,2,1,none,LASSO,False,4968,"{""C"": 1.0}",,0.5517241379310345,0.5539393939393938,0.7480010730010731,"[[6, 6, 1], [2, 7, 0], [4, 0, 3]]"
three_class,11,2,1,none,RF,True,4968,"{""max_depth"": 5, ""min_samples_leaf"": 1}",0.7681901627069032,0.6896551724137931,0.6706349206349206,0.8638412513412512,"[[12, 1, 0], [6, 3, 0], [1, 1, 5]]"
three_class,11,2,1,none,RF,False,4968,"{""max_depth"": 10, ""min_samples_leaf"": 5}",,0.7241379310344828,0.6942501942501943,0.8590136715136715,"[[13, 0, 0], [6, 3, 0], [1, 1, 5]]"
three_class,11,2,1,none,SVM,True,4968,"{""C"": 100, ""gamma"": 0.0001}",0.6965001073152598,0.4482758620689655,0.4449275362318841,0.6898175898175899,"[[5, 3, 5], [3, 3, 3], [2, 0, 5]]"
three_class,11,2,1,none,SVM,False,4968,"{""C"": 1.0, ""gamma"": ""scale""}",,0.5172413793103449,0.4891187244128421,0.7002118252118251,"[[8, 2, 3], [5, 2, 2], [2, 0, 5]]"
three_class,11,2,1,anova,LR,True,10,"{""C"": 10}",0.7158494955740563,0.6551724137931034,0.6393018745959923,0.7656524031524031,"[[10, 2, 1], [3, 5, 1], [2, 1, 4]]"
three_class,11,2,1,anova,LR,False,50,"{""C"": 1.0}",,0.5862068965517241,0.5990338164251208,0.8008459133459134,"[[7, 6, 0], [2, 6, 1], [1, 2, 4]]"
three_class,11,2,1,anova,LASSO,True,50,"{""C"": 0.5}",0.701774844591417,0.5862068965517241,0.608339029391661,0.7806221556221558,"[[8, 5, 0], [4, 5, 0], [3, 0, 4]]"
three_class,11,2,1,anova,LASSO,False,50,"{""C"": 1.0}",,0.6206896551724138,0.6273504273504273,0.7783309283309284,"[[8, 5, 0], [2, 6, 1], [3, 0, 4]]"
three_class,11,2,1,anova,RF,True,500,"{""max_depth"": 10, ""min_samples_leaf"": 1}",0.7593787617995394,0.6551724137931034,0.6666666666666666,0.8549321049321049,"[[9, 3, 1], [5, 4, 0], [1, 0, 6]]"
three_class,11,2,1,anova,RF,False,50,"{""max_depth"": 10, ""min_samples_leaf"": 5}",,0.6206896551724138,0.6203580901856763,0.7710423835423835,"[[9, 2, 2], [4, 5, 0], [3, 0, 4]]"
three_class,11,2,1,anova,SVM,True,200,"{""C"": 1, ""gamma"": 0.0001}",0.7319454033280378,0.5517241379310345,0.4222222222222222,0.7764753764753763,"[[13, 0, 0], [9, 0, 0], [4, 0, 3]]"
three_class,11,2,1,anova,SVM,False,50,"{""C"": 1.0, ""gamma"": ""scale""}",,0.6551724137931034,0.6418650793650794,0.794079994079994,"[[11, 1, 1], [5, 4, 0], [3, 0, 4]]"
three_class,11,2,1,mi,LR,True,50,"{""C"": 0.01}",0.7668357748406242,0.4827586206896552,0.2772727272727273,0.6910677285677286,"[[13, 0, 0], [8, 1, 0], [6, 1, 0]]"
three_class,11,2,1,mi,LR,False,50,"{""C"": 1.0}",,0.6896551724137931,0.669482151835093,0.7907356532356533,"[[10, 1, 2], [3, 4, 2], [0, 1, 6]]"
three_class,11,2,1,mi,LASSO,True,50,"{""C"": 1}",0.7681795413014362,0.7241379310344828,0.7023809523809524,0.7800162800162801,"[[11, 0, 2], [4, 4, 1], [0, 1, 6]]"
three_class,11,2,1,mi,LASSO,False,50,"{""C"": 1.0}",,0.7241379310344828,0.7023809523809524,0.7800162800162801,"[[11, 0, 2], [4, 4, 1], [0, 1, 6]]"
three_class,11,2,1,mi,RF,True,100,"{""max_depth"": 10, ""min_samples_leaf"": 1}",0.8374714086530548,0.7241379310344828,0.7267297723687176,0.8739117364117365,"[[11, 2, 0], [4, 5, 0], [1, 1, 5]]"
three_class,11,2,1,mi,RF,False,50,"{""max_depth"": 10, ""min_samples_leaf"": 5}",,0.6551724137931034,0.6640211640211641,0.8185185185185185,"[[10, 3, 0], [5, 4, 0], [0, 2, 5]]"
three_class,11,2,1,mi,SVM,True,10,"{""C"": 10, ""gamma"": ""scale""}",0.7534415388733423,0.4827586206896552,0.3920817369093232,0.6882982757982757,"[[9, 2, 2], [5, 0, 4], [2, 0, 5]]"
three_class,11,2,1,mi,SVM,False,50,"{""C"": 1.0, ""gamma"": ""scale""}",,0.4482758620689655,0.2063492063492063,0.7993894993894995,"[[13, 0, 0], [9, 0, 0], [7, 0, 0]]"
three_class,12,2,2,none,LR,True,4968,"{""C"": 10}",0.6446093703747117,0.5862068965517241,0.580952380952381,0.6920648795648795,"[[9, 2, 2], [6, 3, 0], [2, 0, 5]]"
three_class,12,2,2,none,LR,False,4968,"{""C"": 1.0}",,0.5517241379310345,0.5491039426523298,0.6828056203056203,"[[9, 3, 1], [6, 3, 0], [3, 0, 4]]"
three_class,12,2,2,none,LASSO,True,4968,"{""C"": 0.1}",0.674109363553499,0.5172413793103449,0.4722689075630251,0.7453292078292079,"[[10, 2, 1], [6, 3, 0], [5, 0, 2]]"
three_class,12,2,2,none,LASSO,False,4968,"{""C"": 1.0}",,0.4482758620689655,0.4452332657200812,0.6811156436156436,"[[7, 4, 2], [6, 3, 0], [3, 1, 3]]"
three_class,12,2,2,none,RF,True,4968,"{""max_depth"": 10, ""min_samples_leaf"": 1}",0.777920737474897,0.7241379310344828,0.7182539682539683,0.8937853812853813,"[[12, 1, 0], [5, 4, 0], [2, 0, 5]]"
three_class,12,2,2,none,RF,False,4968,"{""max_depth"": 10, ""min_samples_leaf"": 5}",,0.7586206896551724,0.7455322455322455,0.8569717319717319,"[[13, 0, 0], [5, 4, 0], [2, 0, 5]]"
three_class,12,2,2,none,SVM,True,4968,"{""C"": 1, ""gamma"": 0.0001}",0.6525144351573332,0.5172413793103449,0.3999999999999999,0.7634920634920634,"[[11, 0, 2], [8, 0, 1], [3, 0, 4]]"
three_class,12,2,2,none,SVM,False,4968,"{""C"": 1.0, ""gamma"": ""scale""}",,0.5517241379310345,0.4666666666666666,0.750509213009213,"[[11, 0, 2], [6, 1, 2], [3, 0, 4]]"
three_class,12,2,2,anova,LR,True,50,"{""C"": 0.01}",0.7261055635618637,0.4482758620689655,0.2740740740740741,0.7221292596292597,"[[12, 0, 1], [9, 0, 0], [6, 0, 1]]"
three_class,12,2,2,anova,LR,False,50,"{""C"": 1.0}",,0.5862068965517241,0.5555555555555555,0.6782097532097532,"[[9, 3, 1], [3, 6, 0], [5, 0, 2]]"
three_class,12,2,2,anova,LASSO,True,20,"{""C"": 0.5}",0.7169493585822186,0.4137931034482758,0.2547008547008547,0.6891243016243016,"[[11, 0, 2], [9, 0, 0], [6, 0, 1]]"
three_class,12,2,2,anova,LASSO,False,50,"{""C"": 1.0}",,0.4827586206896552,0.4484848484848485,0.7234348984348985,"[[9, 3, 1], [6, 3, 0], [5, 0, 2]]"
three_class,12,2,2,anova,RF,True,500,"{""max_depth"": 5, ""min_samples_leaf"": 1}",0.7600479027337713,0.7586206896551724,0.7525700106345267,0.9089503089503088,"[[12, 0, 1], [4, 5, 0], [2, 0, 5]]"
three_class,12,2,2,anova,RF,False,50,"{""max_depth"": 10, ""min_samples_leaf"": 5}",,0.4827586206896552,0.4633173843700159,0.748475135975136,"[[7, 4, 2], [4, 5, 0], [4, 1, 2]]"
three_class,12,2,2,anova,SVM,True,50,"{""C"": 10, ""gamma"": 0.0001}",0.7282767223848153,0.4482758620689655,0.2740740740740741,0.6690189440189439,"[[12, 0, 1], [9, 0, 0], [6, 0, 1]]"
three_class,12,2,2,anova,SVM,False,50,"{""C"": 1.0, ""gamma"": ""scale""}",,0.4137931034482758,0.2547008547008547,0.67244930994931,"[[11, 0, 2], [9, 0, 0], [6, 0, 1]]"
three_class,12,2,2,mi,LR,True,100,"{""C"": 1}",0.6920699783819694,0.4482758620689655,0.4434592227695677,0.682057757057757,"[[7, 4, 2], [8, 1, 0], [1, 1, 5]]"
three_class,12,2,2,mi,LR,False,50,"{""C"": 1.0}",,0.5172413793103449,0.5128205128205128,0.6488035113035112,"[[7, 4, 2], [4, 3, 2], [2, 0, 5]]"
three_class,12,2,2,mi,LASSO,True,500,"{""C"": 0.1}",0.7078085479357129,0.4827586206896552,0.3458689458689458,0.7301582676582677,"[[12, 0, 1], [8, 1, 0], [6, 0, 1]]"
three_class,12,2,2,mi,LASSO,False,50,"{""C"": 1.0}",,0.6206896551724138,0.5772184804442869,0.6305620305620306,"[[11, 2, 0], [5, 2, 2], [2, 0, 5]]"
three_class,12,2,2,mi,RF,True,200,"{""max_depth"": 10, ""min_samples_leaf"": 1}",0.7534334907523172,0.5862068965517241,0.6027777777777777,0.7967051467051468,"[[9, 4, 0], [6, 3, 0], [2, 0, 5]]"
three_class,12,2,2,mi,RF,False,50,"{""max_depth"": 10, ""min_samples_leaf"": 5}",,0.6206896551724138,0.6261648745519713,0.7527088652088652,"[[10, 3, 0], [6, 3, 0], [2, 0, 5]]"
three_class,12,2,2,mi,SVM,True,200,"{""C"": 1, ""gamma"": ""scale""}",0.6871761392147975,0.4827586206896552,0.3529411764705882,0.7197894697894697,"[[10, 3, 0], [5, 4, 0], [6, 1, 0]]"
three_class,12,2,2,mi,SVM,False,50,"{""C"": 1.0, ""gamma"": ""scale""}",,0.4482758620689655,0.2063492063492063,0.6983491045991047,"[[13, 0, 0], [9, 0, 0], [7, 0, 0]]"
three_class,13,2,3,none,LR,True,4968,"{""C"": 10}",0.68841575157592,0.4827586206896552,0.4915824915824915,0.6879198888486814,"[[4, 4, 4], [5, 4, 1], [1, 0, 6]]"
three_class,13,2,3,none,LR,False,4968,"{""C"": 1.0}",,0.4827586206896552,0.4809627554725593,0.7037015444136188,"[[7, 3, 2], [6, 3, 1], [2, 1, 4]]"
three_class,13,2,3,none,LASSO,True,4968,"{""C"": 0.1}",0.6913149546441559,0.4827586206896552,0.4126984126984127,0.6961798435482646,"[[10, 1, 1], [10, 0, 0], [3, 0, 4]]"
three_class,13,2,3,none,LASSO,False,4968,"{""C"": 1.0}",,0.3793103448275862,0.3630683042447749,0.6550435804305773,"[[6, 3, 3], [6, 3, 1], [4, 1, 2]]"
three_class,13,2,3,none,RF,True,4968,"{""max_depth"": 10, ""min_samples_leaf"": 5}",0.819561485518213,0.6206896551724138,0.566955266955267,0.8502278423331054,"[[12, 0, 0], [9, 1, 0], [2, 0, 5]]"
three_class,13,2,3,none,RF,False,4968,"{""max_depth"": 10, ""min_samples_leaf"": 5}",,0.6206896551724138,0.566955266955267,0.8502278423331054,"[[12, 0, 0], [9, 1, 0], [2, 0, 5]]"
three_class,13,2,3,none,SVM,True,4968,"{""C"": 1, ""gamma"": 0.0001}",0.6946455780117788,0.4482758620689655,0.3481481481481481,0.6292297142142343,"[[9, 0, 3], [6, 0, 4], [3, 0, 4]]"
three_class,13,2,3,none,SVM,False,4968,"{""C"": 1.0, ""gamma"": ""scale""}",,0.4827586206896552,0.3809523809523809,0.6089306376458079,"[[9, 0, 3], [5, 0, 5], [2, 0, 5]]"
three_class,13,2,3,anova,LR,True,20,"{""C"": 0.01}",0.7419662896223636,0.4482758620689655,0.3194103194103194,0.5934019540830686,"[[11, 0, 1], [9, 0, 1], [5, 0, 2]]"
three_class,13,2,3,anova,LR,False,50,"{""C"": 1.0}",,0.5517241379310345,0.4957264957264957,0.7120961941395377,"[[9, 1, 2], [6, 1, 3], [0, 1, 6]]"
three_class,13,2,3,anova,LASSO,True,20,"{""C"": 0.5}",0.7195530912268948,0.4482758620689655,0.381439393939394,0.5908762548081433,"[[9, 0, 3], [7, 1, 2], [4, 0, 3]]"
three_class,13,2,3,anova,LASSO,False,50,"{""C"": 1.0}",,0.4482758620689655,0.4244117647058824,0.7226714290181784,"[[7, 3, 2], [6, 1, 3], [0, 2, 5]]"
three_class,13,2,3,anova,RF,True,500,"{""max_depth"": 10, ""min_samples_leaf"": 5}",0.7875458931033267,0.6551724137931034,0.614336917562724,0.7813993539999732,"[[11, 0, 1], [7, 2, 1], [1, 0, 6]]"
three_class,13,2,3,anova,RF,False,50,"{""max_depth"": 10, ""min_samples_leaf"": 5}",,0.4827586206896552,0.4725593941280215,0.7098859001335782,"[[7, 1, 4], [5, 3, 2], [3, 0, 4]]"
three_class,13,2,3,anova,SVM,True,100,"{""C"": 0.1, ""gamma"": 0.001}",0.759678844571039,0.4137931034482758,0.1951219512195121,0.718442943365544,"[[12, 0, 0], [10, 0, 0], [7, 0, 0]]"
three_class,13,2,3,anova,SVM,False,50,"{""C"": 1.0, ""gamma"": ""scale""}",,0.5517241379310345,0.4375,0.6894390611108877,"[[11, 0, 1], [7, 0, 3], [2, 0, 5]]"
three_class,13,2,3,mi,LR,True,50,"{""C"": 0.1}",0.7470301580210678,0.5862068965517241,0.6014814814814815,0.6302898511876839,"[[7, 4, 1], [5, 4, 1], [1, 0, 6]]"
three_class,13,2,3,mi,LR,False,50,"{""C"": 1.0}",,0.6206896551724138,0.6318181818181818,0.644995733540625,"[[6, 4, 2], [3, 6, 1], [1, 0, 6]]"
three_class,13,2,3,mi,LASSO,True,50,"{""C"": 1}",0.7902109118715686,0.5862068965517241,0.5925925925925926,0.6836965408172838,"[[7, 4, 1], [4, 4, 2], [1, 0, 6]]"
three_class,13,2,3,mi,LASSO,False,50,"{""C"": 1.0}",,0.5862068965517241,0.5925925925925926,0.6836965408172838,"[[7, 4, 1], [4, 4, 2], [1, 0, 6]]"
three_class,13,2,3,mi,RF,True,500,"{""max_depth"": 5, ""min_samples_leaf"": 1}",0.8081109379828484,0.6206896551724138,0.566955266955267,0.9554431980128576,"[[12, 0, 0], [9, 1, 0], [2, 0, 5]]"
three_class,13,2,3,mi,RF,False,50,"{""max_depth"": 10, ""min_samples_leaf"": 5}",,0.5517241379310345,0.5793328825783187,0.7315637578795474,"[[8, 4, 0], [7, 3, 0], [2, 0, 5]]"
three_class,13,2,3,mi,SVM,True,50,"{""C"": 100, ""gamma"": 0.001}",0.741870188134556,0.4482758620689655,0.4285714285714285,0.7252976469694735,"[[5, 2, 5], [4, 2, 4], [1, 0, 6]]"
three_class,13,2,3,mi,SVM,False,50,"{""C"": 1.0, ""gamma"": ""scale""}",,0.4137931034482758,0.1951219512195121,0.762908385044608,"[[12, 0, 0], [10, 0, 0], [7, 0, 0]]"
three_class,14,2,4,none,LR,True,4968,"{""C"": 10}",0.6648040078492335,0.5714285714285714,0.5843274853801169,0.6226180530691808,"[[7, 5, 0], [3, 5, 1], [3, 0, 4]]"
three_class,14,2,4,none,LR,False,4968,"{""C"": 1.0}",,0.5714285714285714,0.5794871794871795,0.6386390082348729,"[[7, 5, 0], [3, 6, 0], [4, 0, 3]]"
three_class,14,2,4,none,LASSO,True,4968,"{""C"": 0.1}",0.6841817627113768,0.5,0.5084848484848484,0.6614974937343358,"[[6, 5, 1], [4, 5, 0], [3, 1, 3]]"
three_class,14,2,4,none,LASSO,False,4968,"{""C"": 1.0}",,0.3928571428571428,0.4033374033374033,0.6656379291482675,"[[5, 7, 0], [5, 4, 0], [4, 1, 2]]"
three_class,14,2,4,none,RF,True,4968,"{""max_depth"": 5, ""min_samples_leaf"": 1}",0.7907242533073974,0.6428571428571429,0.669683257918552,0.8451436130007558,"[[8, 4, 0], [5, 4, 0], [1, 0, 6]]"
three_class,14,2,4,none,RF,False,4968,"{""max_depth"": 10, ""min_samples_leaf"": 5}",,0.75,0.76991452991453,0.8655200749890599,"[[9, 3, 0], [3, 6, 0], [1, 0, 6]]"
three_class,14,2,4,none,SVM,True,4968,"{""C"": 1, ""gamma"": 0.0001}",0.6587463380704078,0.5714285714285714,0.4899470899470899,0.6671856973783665,"[[10, 0, 2], [4, 1, 4], [2, 0, 5]]"
three_class,14,2,4,none,SVM,False,4968,"{""C"": 1.0, ""gamma"": ""scale""}",,0.6071428571428571,0.5241065627030539,0.6712077191987906,"[[10, 0, 2], [4, 1, 4], [1, 0, 6]]"
three_class,14,2,4,anova,LR,True,500,"{""C"": 0.01}",0.7210835404333552,0.5,0.5032467532467533,0.6899465926721566,"[[4, 7, 1], [2, 7, 0], [3, 1, 3]]"
three_class,14,2,4,anova,LR,False,50,"{""C"": 1.0}",,0.5357142857142857,0.4571577847439916,0.6839289443847715,"[[10, 1, 1], [3, 4, 2], [4, 2, 1]]"
three_class,14,2,4,anova,LASSO,True,50,"{""C"": 0.5}",0.7071939911937773,0.5714285714285714,0.5261648745519714,0.6839606456617734,"[[10, 1, 1], [5, 4, 0], [4, 1, 2]]"
three_class,14,2,4,anova,LASSO,False,50,"{""C"": 1.0}",,0.5357142857142857,0.4791230275101242,0.6726544784580498,"[[10, 1, 1], [5, 3, 1], [4, 1, 2]]"
three_class,14,2,4,anova,RF,True,500,"{""max_depth"": 5, ""min_samples_leaf"": 5}",0.7816731379120497,0.8214285714285714,0.8336182336182336,0.8913118610017107,"[[10, 2, 0], [2, 7, 0], [1, 0, 6]]"
three_class,14,2,4,anova,RF,False,50,"{""max_depth"": 10, ""min_samples_leaf"": 5}",,0.6071428571428571,0.5250582750582752,0.7887041512511438,"[[12, 0, 0], [4, 3, 2], [4, 1, 2]]"
three_class,14,2,4,anova,SVM,True,500,"{""C"": 10, ""gamma"": 0.0001}",0.7440463562005607,0.5,0.5053475935828877,0.7109626745435017,"[[7, 4, 1], [5, 4, 0], [4, 0, 3]]"
three_class,14,2,4,anova,SVM,False,50,"{""C"": 1.0, ""gamma"": ""scale""}",,0.4642857142857143,0.3249158249158249,0.7124830926522656,"[[11, 0, 1], [8, 0, 1], [5, 0, 2]]"
three_class,14,2,4,mi,LR,True,100,"{""C"": 10}",0.7590807928491335,0.5357142857142857,0.5587301587301587,0.7400451774276963,"[[4, 7, 1], [3, 5, 1], [1, 0, 6]]"
three_class,14,2,4,mi,LR,False,50,"{""C"": 1.0}",,0.6428571428571429,0.6489769820971868,0.7110217259418388,"[[7, 3, 2], [3, 5, 1], [1, 0, 6]]"
three_class,14,2,4,mi,LASSO,True,100,"{""C"": 5}",0.7567206795587892,0.5,0.5125745950554135,0.6945724927397859,"[[5, 5, 2], [5, 3, 1], [1, 0, 6]]"
three_class,14,2,4,mi,LASSO,False,50,"{""C"": 1.0}",,0.6785714285714286,0.6805555555555555,0.7197464146477305,"[[8, 2, 2], [3, 5, 1], [1, 0, 6]]"
three_class,14,2,4,mi,RF,True,100,"{""max_depth"": 10, ""min_samples_leaf"": 1}",0.8249820789977717,0.6428571428571429,0.6549145299145299,0.8051347366431952,"[[9, 3, 0], [6, 3, 0], [0, 1, 6]]"
three_class,14,2,4,mi,RF,False,50,"{""max_depth"": 10, ""min_samples_leaf"": 5}",,0.5357142857142857,0.5656108597285068,0.7970882066276803,"[[7, 5, 0], [7, 2, 0], [0, 1, 6]]"
three_class,14,2,4,mi,SVM,True,50,"{""C"": 100, ""gamma"": ""scale""}",0.7655017101966705,0.4642857142857143,0.4556243550051599,0.6859429078649003,"[[2, 5, 5], [3, 5, 1], [0, 1, 6]]"
three_class,14,2,4,mi,SVM,False,50,"{""C"": 1.0, ""gamma"": ""scale""}",,0.4285714285714285,0.2877492877492877,0.7406879052790707,"[[10, 2, 0], [7, 2, 0], [7, 0, 0]]"
three_class,15,3,0,none,LR,True,4968,"{""C"": 0.01}",0.6330785478881397,0.5517241379310345,0.5589506172839506,0.7059380434380434,"[[7, 2, 4], [4, 5, 0], [3, 0, 4]]"
three_class,15,3,0,none,LR,False,4968,"{""C"": 1.0}",,0.5517241379310345,0.5551485551485552,0.735971435971436,"[[7, 3, 3], [4, 5, 0], [2, 1, 4]]"
three_class,15,3,0,none,LASSO,True,4968,"{""C"": 0.1}",0.7014464918975051,0.4482758620689655,0.4412698412698413,0.6204406704406704,"[[7, 4, 2], [8, 1, 0], [2, 0, 5]]"
three_class,15,3,0,none,LASSO,False,4968,"{""C"": 1.0}",,0.6206896551724138,0.6198830409356725,0.670001295001295,"[[5, 5, 3], [1, 8, 0], [0, 2, 5]]"
three_class,15,3,0,none,RF,True,4968,"{""max_depth"": 5, ""min_samples_leaf"": 1}",0.830645671504456,0.5862068965517241,0.5512820512820512,0.821509509009509,"[[11, 2, 0], [8, 1, 0], [1, 1, 5]]"
three_class,15,3,0,none,RF,False,4968,"{""max_depth"": 10, ""min_samples_leaf"": 5}",,0.6551724137931034,0.6645255803470814,0.8074425574425574,"[[10, 3, 0], [5, 4, 0], [1, 1, 5]]"
three_class,15,3,0,none,SVM,True,4968,"{""C"": 1, ""gamma"": 0.0001}",0.6847423549467041,0.5172413793103449,0.3888888888888888,0.6525858400858401,"[[11, 0, 2], [6, 0, 3], [3, 0, 4]]"
three_class,15,3,0,none,SVM,False,4968,"{""C"": 1.0, ""gamma"": ""scale""}",,0.5172413793103449,0.3860294117647059,0.6542952417952418,"[[11, 0, 2], [5, 0, 4], [3, 0, 4]]"
three_class,15,3,0,anova,LR,True,200,"{""C"": 0.01}",0.6980808250379348,0.4827586206896552,0.4700617283950617,0.6568167943167943,"[[7, 3, 3], [6, 2, 1], [1, 1, 5]]"
three_class,15,3,0,anova,LR,False,50,"{""C"": 1.0}",,0.5172413793103449,0.5182474903837133,0.663515651015651,"[[4, 5, 4], [2, 6, 1], [0, 2, 5]]"
three_class,15,3,0,anova,LASSO,True,200,"{""C"": 0.1}",0.7317046261955312,0.4482758620689655,0.4285714285714285,0.636046361046361,"[[8, 3, 2], [7, 2, 0], [4, 0, 3]]"
three_class,15,3,0,anova,LASSO,False,50,"{""C"": 1.0}",,0.4482758620689655,0.4521170787155442,0.676419413919414,"[[5, 4, 4], [5, 3, 1], [0, 2, 5]]"
three_class,15,3,0,anova,RF,True,500,"{""max_depth"": null, ""min_samples_leaf"": 1}",0.7600602216194025,0.5517241379310345,0.5557029177718833,0.7426332926332927,"[[8, 3, 2], [5, 4, 0], [3, 0, 4]]"
three_class,15,3,0,anova,RF,False,50,"{""max_depth"": 10, ""min_samples_leaf"": 5}",,0.5862068965517241,0.5917948717948719,0.7251729751729751,"[[7, 5, 1], [2, 6, 1], [3, 0, 4]]"
three_class,15,3,0,anova,SVM,True,500,"{""C"": 1, ""gamma"": 0.0001}",0.7645740332876122,0.5862068965517241,0.4704944178628389,0.7012413512413512,"[[13, 0, 0], [9, 0, 0], [3, 0, 4]]"
three_class,15,3,0,anova,SVM,False,50,"{""C"": 1.0, ""gamma"": ""scale""}",,0.5172413793103449,0.5126470588235295,0.7018028268028268,"[[3, 7, 3], [1, 7, 1], [0, 2, 5]]"
three_class,15,3,0,mi,LR,True,200,"{""C"": 0.01}",0.7127079560457895,0.5862068965517241,0.5311355311355311,0.7135910385910386,"[[12, 1, 0], [7, 2, 0], [3, 1, 3]]"
three_class,15,3,0,mi,LR,False,50,"{""C"": 1.0}",,0.6206896551724138,0.6182001005530418,0.7170648795648796,"[[8, 1, 4], [5, 4, 0], [0, 1, 6]]"
three_class,15,3,0,mi,LASSO,True,50,"{""C"": 0.5}",0.7142287507629158,0.4827586206896552,0.2772727272727273,0.7070614570614571,"[[13, 0, 0], [8, 1, 0], [6, 1, 0]]"
three_class,15,3,0,mi,LASSO,False,50,"{""C"": 1.0}",,0.6206896551724138,0.5920645446507516,0.7084184334184335,"[[10, 0, 3], [5, 3, 1], [1, 1, 5]]"
three_class,15,3,0,mi,RF,True,200,"{""max_depth"": 10, ""min_samples_leaf"": 1}",0.8549943972363417,0.5862068965517241,0.6023213883254451,0.7664113664113664,"[[9, 4, 0], [6, 3, 0], [1, 1, 5]]"
three_class,15,3,0,mi,RF,False,50,"{""max_depth"": 10, ""min_samples_leaf"": 5}",,0.5172413793103449,0.5388888888888889,0.7296966921966922,"[[8, 5, 0], [7, 2, 0], [2, 0, 5]]"
three_class,15,3,0,mi,SVM,True,50,"{""C"": 10, ""gamma"": ""scale""}",0.7269510818599397,0.5517241379310345,0.5619607843137255,0.7876221001221001,"[[6, 3, 4], [5, 4, 0], [1, 0, 6]]"
three_class,15,3,0,mi,SVM,False,50,"{""C"": 1.0, ""gamma"": ""scale""}",,0.4482758620689655,0.2063492063492063,0.8376535501535501,"[[13, 0, 0], [9, 0, 0], [7, 0, 0]]"
three_class,16,3,1,none,LR,True,4968,"{""C"": 10}",0.6340179469747039,0.5862068965517241,0.6162393162393163,0.5677526177526178,"[[8, 5, 0], [5, 4, 0], [0, 2, 5]]"
three_class,16,3,1,none,LR,False,4968,"{""C"": 1.0}",,0.4482758620689655,0.4311890838206627,0.4950549450549451,"[[8, 5, 0], [6, 3, 0], [3, 2, 2]]"
three_class,16,3,1,none,LASSO,True,4968,"{""C"": 0.1}",0.6930027680870586,0.5517241379310345,0.4949618736383442,0.7258454508454509,"[[11, 2, 0], [6, 3, 0], [2, 3, 2]]"
three_class,16,3,1,none,LASSO,False,4968,"{""C"": 1.0}",,0.4482758620689655,0.4157706093189964,0.584522422022422,"[[9, 4, 0], [7, 2, 0], [2, 3, 2]]"
three_class,16,3,1,none,RF,True,4968,"{""max_depth"": 5, ""min_samples_leaf"": 1}",0.8059385946063647,0.5172413793103449,0.4913165266106443,0.7205988455988456,"[[10, 3, 0], [7, 2, 0], [4, 0, 3]]"
three_class,16,3,1,none,RF,False,4968,"{""max_depth"": 10, ""min_samples_leaf"": 5}",,0.5172413793103449,0.4913165266106443,0.6562062937062937,"[[10, 3, 0], [7, 2, 0], [4, 0, 3]]"
three_class,16,3,1,none,SVM,True,4968,"{""C"": 1, ""gamma"": 0.0001}",0.6580159814613289,0.5172413793103449,0.4602150537634409,0.7236263736263737,"[[9, 3, 1], [8, 0, 1], [1, 0, 6]]"
three_class,16,3,1,none,SVM,False,4968,"{""C"": 1.0, ""gamma"": ""scale""}",,0.4827586206896552,0.4444444444444445,0.7073315573315574,"[[8, 4, 1], [8, 0, 1], [1, 0, 6]]"
three_class,16,3,1,anova,LR,True,200,"{""C"": 0.1}",0.7244108430598613,0.6206896551724138,0.641537074599955,0.8059232434232434,"[[9, 4, 0], [5, 4, 0], [2, 0, 5]]"
three_class,16,3,1,anova,LR,False,50,"{""C"": 1.0}",,0.5517241379310345,0.58300395256917,0.7816826691826693,"[[6, 7, 0], [3, 6, 0], [1, 2, 4]]"
three_class,16,3,1,anova,LASSO,True,100,"{""C"": 0.1}",0.7398283501109351,0.5862068965517241,0.5311355311355311,0.8005531505531506,"[[12, 1, 0], [7, 2, 0], [3, 1, 3]]"
three_class,16,3,1,anova,LASSO,False,50,"{""C"": 1.0}",,0.5517241379310345,0.5732884399551067,0.7815994190994191,"[[8, 5, 0], [5, 4, 0], [1, 2, 4]]"
three_class,16,3,1,anova,RF,True,500,"{""max_depth"": 10, ""min_samples_leaf"": 5}",0.7868793914617157,0.6206896551724138,0.5824175824175825,0.797035372035372,"[[12, 1, 0], [6, 3, 0], [4, 0, 3]]"
three_class,16,3,1,anova,RF,False,50,"{""max_depth"": 10, ""min_samples_leaf"": 5}",,0.6551724137931034,0.6326375711574953,0.865629278129278,"[[11, 2, 0], [4, 5, 0], [3, 1, 3]]"
three_class,16,3,1,anova,SVM,True,200,"{""C"": 100, ""gamma"": 0.0001}",0.7450457431420993,0.6551724137931034,0.6666666666666666,0.8422993672993674,"[[10, 3, 0], [5, 4, 0], [2, 0, 5]]"
three_class,16,3,1,anova,SVM,False,50,"{""C"": 1.0, ""gamma"": ""scale""}",,0.5862068965517241,0.4564564564564564,0.7721301846301847,"[[13, 0, 0], [8, 0, 1], [3, 0, 4]]"
three_class,16,3,1,mi,LR,True,20,"{""C"": 10}",0.7587893731484691,0.4827586206896552,0.4761904761904762,0.640991415991416,"[[7, 2, 4], [5, 3, 1], [3, 0, 4]]"
three_class,16,3,1,mi,LR,False,50,"{""C"": 1.0}",,0.5172413793103449,0.5081699346405228,0.6790931290931291,"[[7, 3, 3], [2, 4, 3], [2, 1, 4]]"
three_class,16,3,1,mi,LASSO,True,50,"{""C"": 1}",0.7489802381989207,0.5172413793103449,0.5160183066361556,0.6769092019092019,"[[6, 3, 4], [2, 4, 3], [2, 0, 5]]"
three_class,16,3,1,mi,LASSO,False,50,"{""C"": 1.0}",,0.5172413793103449,0.5160183066361556,0.6769092019092019,"[[6, 3, 4], [2, 4, 3], [2, 0, 5]]"
three_class,16,3,1,mi,RF,True,100,"{""max_depth"": 10, ""min_samples_leaf"": 1}",0.8448762195312987,0.5517241379310345,0.5353535353535354,0.7140220890220891,"[[10, 3, 0], [6, 3, 0], [4, 0, 3]]"
three_class,16,3,1,mi,RF,False,50,"{""max_depth"": 10, ""min_samples_leaf"": 5}",,0.5172413793103449,0.5111111111111111,0.6855602730602731,"[[9, 4, 0], [6, 3, 0], [2, 2, 3]]"
three_class,16,3,1,mi,SVM,True,50,"{""C"": 100, ""gamma"": 0.01}",0.7725753672150383,0.4482758620689655,0.4237037037037037,0.5624814999815001,"[[7, 3, 3], [3, 2, 4], [2, 1, 4]]"
three_class,16,3,1,mi,SVM,False,50,"{""C"": 1.0, ""gamma"": ""scale""}",,0.4482758620689655,0.2063492063492063,0.6134236134236134,"[[13, 0, 0], [9, 0, 0], [7, 0, 0]]"
three_class,17,3,2,none,LR,True,4968,"{""C"": 1}",0.6355062591232685,0.5862068965517241,0.5773809523809524,0.6986888111888113,"[[9, 4, 0], [4, 3, 2], [2, 0, 5]]"
three_class,17,3,2,none,LR,False,4968,"{""C"": 1.0}",,0.5862068965517241,0.5773809523809524,0.6986888111888113,"[[9, 4, 0], [4, 3, 2], [2, 0, 5]]"
three_class,17,3,2,none,LASSO,True,4968,"{""C"": 0.5}",0.7063543445198488,0.5517241379310345,0.5333333333333333,0.6852272727272727,"[[10, 3, 0], [6, 3, 0], [1, 3, 3]]"
three_class,17,3,2,none,LASSO,False,4968,"{""C"": 1.0}",,0.5172413793103449,0.4998258446534309,0.6757386132386132,"[[9, 3, 1], [6, 3, 0], [1, 3, 3]]"
three_class,17,3,2,none,RF,True,4968,"{""max_depth"": 5, ""min_samples_leaf"": 1}",0.8320385752129157,0.6896551724137931,0.6854700854700854,0.8159581159581158,"[[11, 2, 0], [6, 3, 0], [0, 1, 6]]"
three_class,17,3,2,none,RF,False,4968,"{""max_depth"": 10, ""min_samples_leaf"": 5}",,0.6896551724137931,0.6854700854700854,0.8160848410848413,"[[11, 2, 0], [6, 3, 0], [0, 1, 6]]"
three_class,17,3,2,none,SVM,True,4968,"{""C"": 100, ""gamma"": 0.0001}",0.6736816272442124,0.4827586206896552,0.4810784313725491,0.7008930883930885,"[[6, 4, 3], [4, 3, 2], [2, 0, 5]]"
three_class,17,3,2,none,SVM,False,4968,"{""C"": 1.0, ""gamma"": ""scale""}",,0.6206896551724138,0.5458333333333333,0.7194116069116069,"[[11, 0, 2], [7, 1, 1], [1, 0, 6]]"
three_class,17,3,2,anova,LR,True,500,"{""C"": 0.01}",0.7592075328452896,0.5172413793103449,0.48020527859237533,0.6976634476634477,"[[10, 2, 1], [7, 2, 0], [1, 3, 3]]"
three_class,17,3,2,anova,LR,False,50,"{""C"": 1.0}",,0.6896551724137931,0.6604506604506605,0.7928321678321678,"[[10, 2, 1], [2, 7, 0], [1, 3, 3]]"
three_class,17,3,2,anova,LASSO,True,20,"{""C"": 5}",0.7357622957108565,0.5517241379310345,0.5234848484848484,0.7305222555222555,"[[10, 2, 1], [6, 3, 0], [3, 1, 3]]"
three_class,17,3,2,anova,LASSO,False,50,"{""C"": 1.0}",,0.6551724137931034,0.6437314319667261,0.8724747474747475,"[[11, 2, 0], [5, 4, 0], [1, 2, 4]]"
three_class,17,3,2,anova,RF,True,500,"{""max_depth"": 5, ""min_samples_leaf"": 1}",0.8023224473321823,0.6206896551724138,0.6531713900134953,0.771152921152921,"[[8, 5, 0], [5, 4, 0], [0, 1, 6]]"
three_class,17,3,2,anova,RF,False,50,"{""max_depth"": 10, ""min_samples_leaf"": 5}",,0.5862068965517241,0.6066217732884399,0.7311082436082437,"[[8, 5, 0], [4, 5, 0], [2, 1, 4]]"
three_class,17,3,2,anova,SVM,True,500,"{""C"": 10, ""gamma"": 0.0001}",0.7629804655653157,0.5172413793103449,0.47907647907647904,0.7509208384208385,"[[10, 2, 1], [7, 2, 0], [3, 1, 3]]"
three_class,17,3,2,anova,SVM,False,50,"{""C"": 1.0, ""gamma"": ""scale""}",,0.5862068965517241,0.47049441786283897,0.7527532652532652,"[[13, 0, 0], [9, 0, 0], [3, 0, 4]]"
three_class,17,3,2,mi,LR,True,20,"{""C"": 10}",0.7480865762456866,0.4482758620689655,0.3546576879910213,0.7322126947126947,"[[7, 0, 6], [6, 0, 3], [1, 0, 6]]"
three_class,17,3,2,mi,LR,False,50,"{""C"": 1.0}",,0.6206896551724138,0.4852941176470589,0.7400238650238649,"[[12, 0, 1], [6, 0, 3], [1, 0, 6]]"
three_class,17,3,2,mi,LASSO,True,20,"{""C"": 5}",0.743101519993617,0.4482758620689655,0.36091954022988504,0.7246984496984497,"[[7, 0, 6], [8, 0, 1], [1, 0, 6]]"
three_class,17,3,2,mi,LASSO,False,50,"{""C"": 1.0}",,0.5862068965517241,0.47185325743200507,0.7491762866762866,"[[11, 1, 1], [6, 0, 3], [1, 0, 6]]"
three_class,17,3,2,mi,RF,True,100,"{""max_depth"": 5, ""min_samples_leaf"": 1}",0.8610872162275759,0.6551724137931034,0.639423076923077,0.762935212935213,"[[11, 2, 0], [7, 2, 0], [1, 0, 6]]"
three_class,17,3,2,mi,RF,False,50,"{""max_depth"": 10, ""min_samples_leaf"": 5}",,0.6206896551724138,0.6188034188034188,0.7909266659266659,"[[10, 3, 0], [7, 2, 0], [0, 1, 6]]"
three_class,17,3,2,mi,SVM,True,500,"{""C"": 100, ""gamma"": 0.0001}",0.7455198398377686,0.5172413793103449,0.5026515151515151,0.7047785547785548,"[[9, 3, 1], [6, 3, 0], [4, 0, 3]]"
three_class,17,3,2,mi,SVM,False,50,"{""C"": 1.0, ""gamma"": ""scale""}",,0.3793103448275862,0.18333333333333335,0.7148379398379398,"[[11, 2, 0], [9, 0, 0], [7, 0, 0]]"
three_class,18,3,3,none,LR,True,4968,"{""C"": 10}",0.6765085813748574,0.4827586206896552,0.48426622110832634,0.7012026501190588,"[[5, 4, 3], [3, 4, 3], [1, 1, 5]]"
three_class,18,3,3,none,LR,False,4968,"{""C"": 1.0}",,0.41379310344827586,0.40509803921568627,0.62774248455363,"[[6, 3, 3], [6, 2, 2], [1, 2, 4]]"
three_class,18,3,3,none,LASSO,True,4968,"{""C"": 0.1}",0.6840234457318073,0.6551724137931034,0.6667744020685197,0.8095184485277365,"[[9, 2, 1], [5, 5, 0], [2, 0, 5]]"
three_class,18,3,3,none,LASSO,False,4968,"{""C"": 1.0}",,0.5172413793103449,0.5324675324675324,0.6899137326381908,"[[5, 5, 2], [4, 5, 1], [1, 1, 5]]"
three_class,18,3,3,none,RF,True,4968,"{""max_depth"": 5, ""min_samples_leaf"": 5}",0.7742308791384743,0.8620689655172413,0.8690476190476191,0.9156518747850018,"[[12, 0, 0], [4, 6, 0], [0, 0, 7]]"
three_class,18,3,3,none,RF,False,4968,"{""max_depth"": 10, ""min_samples_leaf"": 5}",,0.896551724137931,0.9041394335511983,0.9170450636394909,"[[12, 0, 0], [3, 7, 0], [0, 0, 7]]"
three_class,18,3,3,none,SVM,True,4968,"{""C"": 0.1, ""gamma"": 0.0001}",0.6633912884250949,0.41379310344827586,0.19512195121951217,0.7423442742328191,"[[12, 0, 0], [10, 0, 0], [7, 0, 0]]"
three_class,18,3,3,none,SVM,False,4968,"{""C"": 1.0, ""gamma"": ""scale""}",,0.5517241379310345,0.486060606060606,0.7670390325189086,"[[8, 0, 4], [5, 1, 4], [0, 0, 7]]"
three_class,18,3,3,anova,LR,True,200,"{""C"": 0.01}",0.7049017375777199,0.6551724137931034,0.6626180836707153,0.8522203458735967,"[[9, 3, 0], [4, 5, 1], [1, 1, 5]]"
three_class,18,3,3,anova,LR,False,50,"{""C"": 1.0}",,0.6551724137931034,0.6147186147186147,0.7929192410616559,"[[12, 0, 0], [5, 4, 1], [4, 0, 3]]"
three_class,18,3,3,anova,LASSO,True,50,"{""C"": 0.1}",0.6976621482424953,0.4827586206896552,0.35327635327635326,0.7906953211906772,"[[12, 0, 0], [10, 0, 0], [5, 0, 2]]"
three_class,18,3,3,anova,LASSO,False,50,"{""C"": 1.0}",,0.6551724137931034,0.6257703081232493,0.878601137424667,"[[12, 0, 0], [6, 4, 0], [4, 0, 3]]"
three_class,18,3,3,anova,RF,True,500,"{""max_depth"": 5, ""min_samples_leaf"": 1}",0.7533285468583343,0.5862068965517241,0.5594982078853047,0.8465008331881396,"[[10, 1, 1], [5, 4, 1], [4, 0, 3]]"
three_class,18,3,3,anova,RF,False,50,"{""max_depth"": 10, ""min_samples_leaf"": 5}",,0.5172413793103449,0.518111518111518,0.720353244966248,"[[7, 3, 2], [5, 4, 1], [2, 1, 4]]"
three_class,18,3,3,anova,SVM,True,200,"{""C"": 1, ""gamma"": 0.0001}",0.7253950543372826,0.4482758620689655,0.2833333333333333,0.8214444310419543,"[[12, 0, 0], [10, 0, 0], [6, 0, 1]]"
three_class,18,3,3,anova,SVM,False,50,"{""C"": 1.0, ""gamma"": ""scale""}",,0.4827586206896552,0.38001638001638005,0.82555564490549,"[[11, 0, 1], [10, 0, 0], [4, 0, 3]]"
three_class,18,3,3,mi,LR,True,20,"{""C"": 1}",0.6771857416061456,0.6896551724137931,0.6719135802469136,0.803149138443256,"[[10, 2, 0], [5, 3, 2], [0, 0, 7]]"
three_class,18,3,3,mi,LR,False,50,"{""C"": 1.0}",,0.7241379310344828,0.7277450980392156,0.8189386121274667,"[[9, 2, 1], [4, 5, 1], [0, 0, 7]]"
three_class,18,3,3,mi,LASSO,True,50,"{""C"": 5}",0.6689112785255075,0.7241379310344828,0.7277450980392156,0.8521843825249397,"[[9, 2, 1], [4, 5, 1], [0, 0, 7]]"
three_class,18,3,3,mi,LASSO,False,50,"{""C"": 1.0}",,0.7241379310344828,0.7147435897435898,0.8019967476623823,"[[10, 2, 0], [4, 4, 2], [0, 0, 7]]"
three_class,18,3,3,mi,RF,True,200,"{""max_depth"": 5, ""min_samples_leaf"": 1}",0.7941607492110835,0.8620689655172413,0.8746438746438746,0.9579463364293086,"[[11, 1, 0], [3, 7, 0], [0, 0, 7]]"
three_class,18,3,3,mi,RF,False,50,"{""max_depth"": 10, ""min_samples_leaf"": 5}",,0.8275862068965517,0.8481711525189786,0.9136566907464742,"[[9, 3, 0], [2, 8, 0], [0, 0, 7]]"
three_class,18,3,3,mi,SVM,True,10,"{""C"": 10, ""gamma"": ""scale""}",0.7081765229875816,0.4482758620689655,0.31851851851851853,0.8005675954592363,"[[10, 2, 0], [7, 3, 0], [7, 0, 0]]"
three_class,18,3,3,mi,SVM,False,50,"{""C"": 1.0, ""gamma"": ""scale""}",,0.41379310344827586,0.19512195121951217,0.7922772617819058,"[[12, 0, 0], [10, 0, 0], [7, 0, 0]]"
three_class,19,3,4,none,LR,True,4968,"{""C"": 1}",0.6889938474651522,0.4642857142857143,0.4760152128573181,0.564473559891793,"[[6, 5, 1], [5, 4, 0], [3, 1, 3]]"
three_class,19,3,4,none,LR,False,4968,"{""C"": 1.0}",,0.4642857142857143,0.4760152128573181,0.564473559891793,"[[6, 5, 1], [5, 4, 0], [3, 1, 3]]"
three_class,19,3,4,none,LASSO,True,4968,"{""C"": 0.1}",0.7299064346556877,0.42857142857142855,0.351048951048951,0.6595954171142141,"[[9, 1, 2], [7, 2, 0], [5, 1, 1]]"
three_class,19,3,4,none,LASSO,False,4968,"{""C"": 1.0}",,0.4642857142857143,0.46817363922627075,0.6363838664120619,"[[5, 4, 3], [4, 5, 0], [3, 1, 3]]"
three_class,19,3,4,none,RF,True,4968,"{""max_depth"": 10, ""min_samples_leaf"": 1}",0.7997941675238648,0.7142857142857143,0.7126984126984127,0.8423023083502407,"[[11, 1, 0], [5, 4, 0], [2, 0, 5]]"
three_class,19,3,4,none,RF,False,4968,"{""max_depth"": 10, ""min_samples_leaf"": 5}",,0.75,0.7528735632183908,0.8572311234435294,"[[11, 1, 0], [4, 5, 0], [2, 0, 5]]"
three_class,19,3,4,none,SVM,True,4968,"{""C"": 1, ""gamma"": 0.0001}",0.7070407490477936,0.42857142857142855,0.3176470588235294,0.588370417611489,"[[9, 0, 3], [5, 0, 4], [4, 0, 3]]"
three_class,19,3,4,none,SVM,False,4968,"{""C"": 1.0, ""gamma"": ""scale""}",,0.42857142857142855,0.3176470588235294,0.6156083412897323,"[[9, 0, 3], [5, 0, 4], [4, 0, 3]]"
three_class,19,3,4,anova,LR,True,50,"{""C"": 0.1}",0.8207414127061265,0.32142857142857145,0.2992562542258283,0.6022217000835423,"[[5, 5, 2], [6, 3, 0], [6, 0, 1]]"
three_class,19,3,4,anova,LR,False,50,"{""C"": 1.0}",,0.39285714285714285,0.395959595959596,0.598245365397621,"[[4, 7, 1], [4, 5, 0], [4, 1, 2]]"
three_class,19,3,4,anova,LASSO,True,50,"{""C"": 1}",0.8285870071419038,0.39285714285714285,0.3932163742690058,0.5830865606476509,"[[4, 5, 3], [4, 5, 0], [5, 0, 2]]"
three_class,19,3,4,anova,LASSO,False,50,"{""C"": 1.0}",,0.39285714285714285,0.3932163742690058,0.5830865606476509,"[[4, 5, 3], [4, 5, 0], [5, 0, 2]]"
three_class,19,3,4,anova,RF,True,200,"{""max_depth"": 5, ""min_samples_leaf"": 1}",0.7954179909968356,0.42857142857142855,0.38888888888888884,0.5935809265226558,"[[8, 1, 3], [7, 2, 0], [5, 0, 2]]"
three_class,19,3,4,anova,RF,False,50,"{""max_depth"": 10, ""min_samples_leaf"": 5}",,0.2857142857142857,0.23159636062861869,0.581525738950551,"[[6, 2, 4], [9, 0, 0], [4, 1, 2]]"
three_class,19,3,4,anova,SVM,True,50,"{""C"": 100, ""gamma"": 0.001}",0.8256875010427596,0.39285714285714285,0.3589225589225589,0.5671277648486296,"[[5, 6, 1], [4, 5, 0], [4, 2, 1]]"
three_class,19,3,4,anova,SVM,False,50,"{""C"": 1.0, ""gamma"": ""scale""}",,0.35714285714285715,0.2333333333333333,0.6032846252536102,"[[9, 1, 2], [9, 0, 0], [6, 0, 1]]"
three_class,19,3,4,mi,LR,True,50,"{""C"": 0.01}",0.7975561519287645,0.4642857142857143,0.41223908918406077,0.6400643225126307,"[[8, 4, 0], [5, 4, 0], [6, 0, 1]]"
three_class,19,3,4,mi,LR,False,50,"{""C"": 1.0}",,0.5357142857142857,0.5555555555555555,0.7095466841707442,"[[5, 6, 1], [3, 5, 1], [1, 1, 5]]"
three_class,19,3,4,mi,LASSO,True,50,"{""C"": 1}",0.8111117015854568,0.6071428571428571,0.6183574879227053,0.6417320583204043,"[[6, 3, 3], [3, 6, 0], [2, 0, 5]]"
three_class,19,3,4,mi,LASSO,False,50,"{""C"": 1.0}",,0.6071428571428571,0.6183574879227053,0.6417320583204043,"[[6, 3, 3], [3, 6, 0], [2, 0, 5]]"
three_class,19,3,4,mi,RF,True,500,"{""max_depth"": 5, ""min_samples_leaf"": 1}",0.813177809989874,0.7142857142857143,0.7084291187739464,0.8068093099813024,"[[11, 1, 0], [5, 4, 0], [1, 1, 5]]"
three_class,19,3,4,mi,RF,False,50,"{""max_depth"": 10, ""min_samples_leaf"": 5}",,0.7142857142857143,0.7207697893972403,0.8326694712972907,"[[10, 2, 0], [4, 5, 0], [1, 1, 5]]"
three_class,19,3,4,mi,SVM,True,20,"{""C"": 100, ""gamma"": ""scale""}",0.7732754541005958,0.5357142857142857,0.5149911816578483,0.6722280652026892,"[[8, 2, 2], [6, 2, 1], [1, 1, 5]]"
three_class,19,3,4,mi,SVM,False,50,"{""C"": 1.0, ""gamma"": ""scale""}",,0.5,0.43374446552814677,0.6621103850897084,"[[9, 3, 0], [5, 4, 0], [5, 1, 1]]"
three_class,20,4,0,none,LR,True,4968,"{""C"": 10}",0.7040497797471686,0.5517241379310345,0.5617283950617283,0.7205706330706331,"[[7, 3, 3], [5, 4, 0], [2, 0, 5]]"
three_class,20,4,0,none,LR,False,4968,"{""C"": 1.0}",,0.5517241379310345,0.5476190476190476,0.6808423058423059,"[[8, 2, 3], [5, 4, 0], [2, 1, 4]]"
three_class,20,4,0,none,LASSO,True,4968,"{""C"": 0.1}",0.7113568972309002,0.4827586206896552,0.4314574314574315,0.8017121767121766,"[[10, 2, 1], [8, 1, 0], [2, 2, 3]]"
three_class,20,4,0,none,LASSO,False,4968,"{""C"": 1.0}",,0.5172413793103449,0.5251282051282051,0.6746461871461871,"[[7, 4, 2], [5, 4, 0], [0, 3, 4]]"
three_class,20,4,0,none,RF,True,4968,"{""max_depth"": 5, ""min_samples_leaf"": 1}",0.799186227238519,0.7241379310344828,0.7148553201184781,0.8773661523661523,"[[11, 2, 0], [3, 6, 0], [1, 2, 4]]"
three_class,20,4,0,none,RF,False,4968,"{""max_depth"": 10, ""min_samples_leaf"": 5}",,0.7241379310344828,0.7148553201184781,0.8801753801753801,"[[11, 2, 0], [3, 6, 0], [1, 2, 4]]"
three_class,20,4,0,none,SVM,True,4968,"{""C"": 10, ""gamma"": 0.0001}",0.686438800056341,0.6206896551724138,0.6182001005530418,0.7163285788285787,"[[8, 2, 3], [4, 4, 1], [1, 0, 6]]"
three_class,20,4,0,none,SVM,False,4968,"{""C"": 1.0, ""gamma"": ""scale""}",,0.6551724137931034,0.6077712609970675,0.7498321123321122,"[[11, 0, 2], [6, 2, 1], [1, 0, 6]]"
three_class,20,4,0,anova,LR,True,200,"{""C"": 0.01}",0.7705866417450671,0.5862068965517241,0.5783251231527093,0.8043993043993044,"[[9, 2, 2], [6, 3, 0], [1, 1, 5]]"
three_class,20,4,0,anova,LR,False,50,"{""C"": 1.0}",,0.6206896551724138,0.6216931216931217,0.7997775372775373,"[[9, 3, 1], [4, 5, 0], [2, 1, 4]]"
three_class,20,4,0,anova,LASSO,True,100,"{""C"": 0.5}",0.7526358464395667,0.5172413793103449,0.4792626728110599,0.7875666000666001,"[[9, 3, 1], [9, 0, 0], [0, 1, 6]]"
three_class,20,4,0,anova,LASSO,False,50,"{""C"": 1.0}",,0.4827586206896552,0.4582070707070707,0.7442774817774818,"[[9, 3, 1], [7, 2, 0], [3, 1, 3]]"
three_class,20,4,0,anova,RF,True,500,"{""max_depth"": 5, ""min_samples_leaf"": 5}",0.8014600744423617,0.7931034482758621,0.7965811965811967,0.8835423835423836,"[[12, 1, 0], [4, 5, 0], [1, 0, 6]]"
three_class,20,4,0,anova,RF,False,50,"{""max_depth"": 10, ""min_samples_leaf"": 5}",,0.7931034482758621,0.7928248222365869,0.8209586709586709,"[[11, 1, 1], [2, 7, 0], [2, 0, 5]]"
three_class,20,4,0,anova,SVM,True,100,"{""C"": 0.1, ""gamma"": 0.0001}",0.7675271205928388,0.4482758620689655,0.20634920634920637,0.7454961704961706,"[[13, 0, 0], [9, 0, 0], [7, 0, 0]]"
three_class,20,4,0,anova,SVM,False,50,"{""C"": 1.0, ""gamma"": ""scale""}",,0.5517241379310345,0.4384384384384384,0.7687266437266437,"[[12, 0, 1], [9, 0, 0], [3, 0, 4]]"
three_class,20,4,0,mi,LR,True,100,"{""C"": 1}",0.7616342187816915,0.5172413793103449,0.5265151515151515,0.6724775224775225,"[[5, 5, 3], [3, 5, 1], [1, 1, 5]]"
three_class,20,4,0,mi,LR,False,50,"{""C"": 1.0}",,0.5517241379310345,0.5532212885154061,0.7267945017945019,"[[5, 5, 3], [1, 6, 2], [1, 1, 5]]"
three_class,20,4,0,mi,LASSO,True,100,"{""C"": 1}",0.7545131711009744,0.5517241379310345,0.5532212885154061,0.7106897731897731,"[[5, 5, 3], [1, 6, 2], [1, 1, 5]]"
three_class,20,4,0,mi,LASSO,False,50,"{""C"": 1.0}",,0.5172413793103449,0.5234848484848484,0.7283341658341659,"[[4, 6, 3], [2, 6, 1], [1, 1, 5]]"
three_class,20,4,0,mi,RF,True,200,"{""max_depth"": 5, ""min_samples_leaf"": 1}",0.8097577429754103,0.5862068965517241,0.6066217732884399,0.785552873052873,"[[8, 5, 0], [4, 5, 0], [2, 1, 4]]"
three_class,20,4,0,mi,RF,False,50,"{""max_depth"": 10, ""min_samples_leaf"": 5}",,0.5172413793103449,0.5485970819304152,0.7999324749324748,"[[7, 6, 0], [5, 4, 0], [2, 1, 4]]"
three_class,20,4,0,mi,SVM,True,200,"{""C"": 100, ""gamma"": 0.0001}",0.744370301168401,0.41379310344827586,0.3990067903111381,0.7354723979723979,"[[5, 1, 7], [4, 2, 3], [1, 1, 5]]"
three_class,20,4,0,mi,SVM,False,50,"{""C"": 1.0, ""gamma"": ""scale""}",,0.4827586206896552,0.35294117647058826,0.718121693121693,"[[10, 3, 0], [5, 4, 0], [6, 1, 0]]"
three_class,21,4,1,none,LR,True,4968,"{""C"": 10}",0.6317703386035735,0.3448275862068966,0.3616734143049933,0.6213499463499464,"[[4, 7, 2], [5, 3, 1], [4, 0, 3]]"
three_class,21,4,1,none,LR,False,4968,"{""C"": 1.0}",,0.4482758620689655,0.43703703703703706,0.5908415658415658,"[[7, 5, 1], [5, 4, 0], [5, 0, 2]]"
three_class,21,4,1,none,LASSO,True,4968,"{""C"": 1}",0.6592993783602382,0.4482758620689655,0.48309178743961345,0.584435471935472,"[[4, 8, 1], [4, 5, 0], [2, 1, 4]]"
three_class,21,4,1,none,LASSO,False,4968,"{""C"": 1.0}",,0.4827586206896552,0.5225499138542617,0.5953606578606578,"[[4, 8, 1], [4, 5, 0], [1, 1, 5]]"
three_class,21,4,1,none,RF,True,4968,"{""max_depth"": 5, ""min_samples_leaf"": 1}",0.8327075200252018,0.7586206896551724,0.7455322455322455,0.9048590298590299,"[[13, 0, 0], [5, 4, 0], [2, 0, 5]]"
three_class,21,4,1,none,RF,False,4968,"{""max_depth"": 10, ""min_samples_leaf"": 5}",,0.7586206896551724,0.7455322455322455,0.9075655825655825,"[[13, 0, 0], [5, 4, 0], [2, 0, 5]]"
three_class,21,4,1,none,SVM,True,4968,"{""C"": 0.1, ""gamma"": 0.0001}",0.6815702852799407,0.4482758620689655,0.20634920634920637,0.5672572797572797,"[[13, 0, 0], [9, 0, 0], [7, 0, 0]]"
three_class,21,4,1,none,SVM,False,4968,"{""C"": 1.0, ""gamma"": ""scale""}",,0.4482758620689655,0.33535353535353535,0.5723975098975099,"[[10, 1, 2], [6, 0, 3], [4, 0, 3]]"
three_class,21,4,1,anova,LR,True,500,"{""C"": 0.01}",0.7237014325638284,0.4827586206896552,0.4696914700544464,0.6657745032745033,"[[7, 5, 1], [4, 5, 0], [5, 0, 2]]"
three_class,21,4,1,anova,LR,False,50,"{""C"": 1.0}",,0.5517241379310345,0.5234848484848484,0.7588462463462463,"[[10, 3, 0], [5, 3, 1], [4, 0, 3]]"
three_class,21,4,1,anova,LASSO,True,200,"{""C"": 0.5}",0.7083623568733389,0.5517241379310345,0.5477329687856004,0.6809250934250933,"[[8, 4, 1], [4, 5, 0], [3, 1, 3]]"
three_class,21,4,1,anova,LASSO,False,50,"{""C"": 1.0}",,0.4827586206896552,0.4198546551487728,0.7073384948384948,"[[10, 2, 1], [6, 2, 1], [5, 0, 2]]"
three_class,21,4,1,anova,RF,True,200,"{""max_depth"": 5, ""min_samples_leaf"": 1}",0.7788063098853687,0.5517241379310345,0.5472222222222222,0.7632344507344507,"[[9, 3, 1], [6, 3, 0], [2, 1, 4]]"
three_class,21,4,1,anova,RF,False,50,"{""max_depth"": 10, ""min_samples_leaf"": 5}",,0.5862068965517241,0.5555555555555555,0.731001406001406,"[[10, 2, 1], [4, 4, 1], [3, 1, 3]]"
three_class,21,4,1,anova,SVM,True,200,"{""C"": 10, ""gamma"": 0.0001}",0.7183540200587388,0.5172413793103449,0.36481481481481487,0.7005920005920006,"[[13, 0, 0], [9, 0, 0], [5, 0, 2]]"
three_class,21,4,1,anova,SVM,False,50,"{""C"": 1.0, ""gamma"": ""scale""}",,0.5172413793103449,0.35555555555555557,0.7176624301624303,"[[13, 0, 0], [8, 0, 1], [5, 0, 2]]"
three_class,21,4,1,mi,LR,True,200,"{""C"": 0.1}",0.7813851783870733,0.5172413793103449,0.4939146874630746,0.6691974691974693,"[[9, 3, 1], [6, 2, 1], [3, 0, 4]]"
three_class,21,4,1,mi,LR,False,50,"{""C"": 1.0}",,0.4482758620689655,0.4394117647058824,0.6531524031524031,"[[6, 5, 2], [4, 2, 3], [2, 0, 5]]"
three_class,21,4,1,mi,LASSO,True,50,"{""C"": 5}",0.7897831494986821,0.3793103448275862,0.38088235294117645,0.6248089873089874,"[[5, 7, 1], [5, 1, 3], [2, 0, 5]]"
three_class,21,4,1,mi,LASSO,False,50,"{""C"": 1.0}",,0.4827586206896552,0.46445449974861736,0.6596459096459096,"[[7, 4, 2], [4, 2, 3], [2, 0, 5]]"
three_class,21,4,1,mi,RF,True,500,"{""max_depth"": 10, ""min_samples_leaf"": 1}",0.8514964580918453,0.7241379310344828,0.6942501942501943,0.8902301402301402,"[[13, 0, 0], [6, 3, 0], [1, 1, 5]]"
three_class,21,4,1,mi,RF,False,50,"{""max_depth"": 10, ""min_samples_leaf"": 5}",,0.4827586206896552,0.4595959595959596,0.7120763495763495,"[[9, 4, 0], [9, 0, 0], [2, 0, 5]]"
three_class,21,4,1,mi,SVM,True,50,"{""C"": 100, ""gamma"": ""scale""}",0.8098645236122595,0.5172413793103449,0.52,0.7336570836570836,"[[7, 6, 0], [3, 3, 3], [2, 0, 5]]"
three_class,21,4,1,mi,SVM,False,50,"{""C"": 1.0, ""gamma"": ""scale""}",,0.41379310344827586,0.2754182754182754,0.6701594701594701,"[[10, 3, 0], [7, 2, 0], [7, 0, 0]]"
three_class,22,4,2,none,LR,True,4968,"{""C"": 10}",0.6701470779278029,0.5172413793103449,0.552852944157292,0.7572288822288821,"[[5, 7, 1], [4, 5, 0], [0, 2, 5]]"
three_class,22,4,2,none,LR,False,4968,"{""C"": 1.0}",,0.4482758620689655,0.46563460693895475,0.7162938912938913,"[[5, 7, 1], [4, 5, 0], [1, 3, 3]]"
three_class,22,4,2,none,LASSO,True,4968,"{""C"": 0.1}",0.701933906478382,0.3793103448275862,0.292022792022792,0.6374555999556,"[[9, 3, 1], [8, 1, 0], [6, 0, 1]]"
three_class,22,4,2,none,LASSO,False,4968,"{""C"": 1.0}",,0.41379310344827586,0.4292929292929293,0.5990171865171865,"[[4, 7, 2], [4, 5, 0], [3, 1, 3]]"
three_class,22,4,2,none,RF,True,4968,"{""max_depth"": 10, ""min_samples_leaf"": 1}",0.8314095985058297,0.6896551724137931,0.6871085903343968,0.8499167499167499,"[[11, 2, 0], [6, 3, 0], [1, 0, 6]]"
three_class,22,4,2,none,RF,False,4968,"{""max_depth"": 10, ""min_samples_leaf"": 5}",,0.7241379310344828,0.7115384615384617,0.8036361786361786,"[[12, 1, 0], [6, 3, 0], [1, 0, 6]]"
three_class,22,4,2,none,SVM,True,4968,"{""C"": 1, ""gamma"": 0.0001}",0.6937926972172859,0.5172413793103449,0.38888888888888884,0.7095108595108596,"[[11, 0, 2], [6, 0, 3], [3, 0, 4]]"
three_class,22,4,2,none,SVM,False,4968,"{""C"": 1.0, ""gamma"": ""scale""}",,0.5862068965517241,0.49930423782416195,0.7071604321604322,"[[11, 0, 2], [5, 1, 3], [2, 0, 5]]"
three_class,22,4,2,anova,LR,True,500,"{""C"": 0.01}",0.7935953760946807,0.5862068965517241,0.5952380952380952,0.7466954341954342,"[[8, 3, 2], [5, 4, 0], [2, 0, 5]]"
three_class,22,4,2,anova,LR,False,50,"{""C"": 1.0}",,0.5517241379310345,0.5460157126823794,0.7233886483886484,"[[8, 4, 1], [4, 5, 0], [2, 2, 3]]"
three_class,22,4,2,anova,LASSO,True,500,"{""C"": 0.5}",0.7241461383251914,0.4827586206896552,0.5038904450669156,0.7018472268472268,"[[6, 5, 2], [6, 3, 0], [2, 0, 5]]"
three_class,22,4,2,anova,LASSO,False,50,"{""C"": 1.0}",,0.5517241379310345,0.5524671407024347,0.7532675657675657,"[[8, 3, 2], [5, 4, 0], [2, 1, 4]]"
three_class,22,4,2,anova,RF,True,500,"{""max_depth"": 5, ""min_samples_leaf"": 5}",0.8064379884848045,0.7586206896551724,0.7544608648056924,0.8449430199430199,"[[11, 1, 1], [5, 4, 0], [0, 0, 7]]"
three_class,22,4,2,anova,RF,False,50,"{""max_depth"": 10, ""min_samples_leaf"": 5}",,0.4482758620689655,0.46428571428571425,0.7029711029711031,"[[6, 5, 2], [7, 2, 0], [2, 0, 5]]"
three_class,22,4,2,anova,SVM,True,500,"{""C"": 10, ""gamma"": 0.0001}",0.768639063631443,0.6206896551724138,0.6150537634408603,0.7529114404114403,"[[10, 2, 1], [5, 4, 0], [3, 0, 4]]"
three_class,22,4,2,anova,SVM,False,50,"{""C"": 1.0, ""gamma"": ""scale""}",,0.5172413793103449,0.3923444976076555,0.7173419173419173,"[[12, 0, 1], [9, 0, 0], [4, 0, 3]]"
three_class,22,4,2,mi,LR,True,20,"{""C"": 10}",0.7882507083304592,0.6551724137931034,0.65,0.742892292892293,"[[9, 2, 2], [4, 4, 1], [1, 0, 6]]"
three_class,22,4,2,mi,LR,False,50,"{""C"": 1.0}",,0.6896551724137931,0.7150997150997153,0.741515429015429,"[[9, 4, 0], [4, 5, 0], [1, 0, 6]]"
three_class,22,4,2,mi,LASSO,True,20,"{""C"": 5}",0.7855217535105251,0.7241379310344828,0.7269841269841271,0.7216038591038592,"[[10, 1, 2], [4, 5, 0], [1, 0, 6]]"
three_class,22,4,2,mi,LASSO,False,50,"{""C"": 1.0}",,0.6551724137931034,0.6489326765188834,0.701937876937877,"[[10, 3, 0], [5, 3, 1], [1, 0, 6]]"
three_class,22,4,2,mi,RF,True,100,"{""max_depth"": 10, ""min_samples_leaf"": 1}",0.8286104125925591,0.7931034482758621,0.8048911872441286,0.8691845191845191,"[[11, 2, 0], [3, 6, 0], [1, 0, 6]]"
three_class,22,4,2,mi,RF,False,50,"{""max_depth"": 10, ""min_samples_leaf"": 5}",,0.7241379310344828,0.7489878542510121,0.862463924963925,"[[9, 4, 0], [3, 6, 0], [1, 0, 6]]"
three_class,22,4,2,mi,SVM,True,50,"{""C"": 100, ""gamma"": 0.001}",0.7456763296712666,0.5517241379310345,0.5364197530864198,0.6871383246383246,"[[8, 4, 1], [5, 2, 2], [1, 0, 6]]"
three_class,22,4,2,mi,SVM,False,50,"{""C"": 1.0, ""gamma"": ""scale""}",,0.5862068965517241,0.5673076923076924,0.7210403022903024,"[[10, 3, 0], [8, 1, 0], [1, 0, 6]]"
three_class,23,4,3,none,LR,True,4968,"{""C"": 10}",0.6521094843102957,0.4827586206896552,0.46349206349206346,0.59191807504501,"[[8, 3, 1], [8, 1, 1], [2, 0, 5]]"
three_class,23,4,3,none,LR,False,4968,"{""C"": 1.0}",,0.41379310344827586,0.38095238095238093,0.5728767104928095,"[[8, 3, 1], [8, 1, 1], [4, 0, 3]]"
three_class,23,4,3,none,LASSO,True,4968,"{""C"": 0.1}",0.6272287207585082,0.5172413793103449,0.4608058608058608,0.688660823180947,"[[11, 1, 0], [9, 1, 0], [3, 1, 3]]"
three_class,23,4,3,none,LASSO,False,4968,"{""C"": 1.0}",,0.5172413793103449,0.5128205128205128,0.5911139256340495,"[[7, 3, 2], [7, 2, 1], [0, 1, 6]]"
three_class,23,4,3,none,RF,True,4968,"{""max_depth"": 10, ""min_samples_leaf"": 1}",0.8578509500763651,0.6206896551724138,0.6291187739463602,0.7992690058479534,"[[9, 3, 0], [8, 2, 0], [0, 0, 7]]"
three_class,23,4,3,none,RF,False,4968,"{""max_depth"": 10, ""min_samples_leaf"": 5}",,0.5517241379310345,0.5268817204301075,0.7950636394908841,"[[9, 3, 0], [10, 0, 0], [0, 0, 7]]"
three_class,23,4,3,none,SVM,True,4968,"{""C"": 0.1, ""gamma"": 0.0001}",0.6814783502654437,0.41379310344827586,0.19512195121951217,0.6359608915336469,"[[12, 0, 0], [10, 0, 0], [7, 0, 0]]"
three_class,23,4,3,none,SVM,False,4968,"{""C"": 1.0, ""gamma"": ""scale""}",,0.5172413793103449,0.40740740740740744,0.6810998083443903,"[[10, 0, 2], [6, 0, 4], [2, 0, 5]]"
three_class,23,4,3,anova,LR,True,100,"{""C"": 0.1}",0.7252166789128701,0.3103448275862069,0.3324175824175824,0.6177909122181567,"[[3, 8, 1], [5, 3, 2], [4, 0, 3]]"
three_class,23,4,3,anova,LR,False,50,"{""C"": 1.0}",,0.3793103448275862,0.3919413919413919,0.6108093317071644,"[[4, 7, 1], [4, 4, 2], [4, 0, 3]]"
three_class,23,4,3,anova,LASSO,True,50,"{""C"": 1}",0.7314129694266424,0.3448275862068966,0.3605128205128205,0.6040325859211307,"[[4, 7, 1], [5, 3, 2], [4, 0, 3]]"
three_class,23,4,3,anova,LASSO,False,50,"{""C"": 1.0}",,0.3448275862068966,0.3605128205128205,0.6040325859211307,"[[4, 7, 1], [5, 3, 2], [4, 0, 3]]"
three_class,23,4,3,anova,RF,True,500,"{""max_depth"": 10, ""min_samples_leaf"": 1}",0.8110170766817526,0.4827586206896552,0.4777777777777778,0.7104520436563778,"[[7, 4, 1], [8, 1, 1], [1, 0, 6]]"
three_class,23,4,3,anova,RF,False,50,"{""max_depth"": 10, ""min_samples_leaf"": 5}",,0.3448275862068966,0.3511904761904762,0.6395208163010021,"[[5, 5, 2], [8, 1, 1], [3, 0, 4]]"
three_class,23,4,3,anova,SVM,True,50,"{""C"": 0.1, ""gamma"": ""scale""}",0.7253077701353563,0.4482758620689655,0.2833333333333333,0.6571243170314378,"[[12, 0, 0], [10, 0, 0], [6, 0, 1]]"
three_class,23,4,3,anova,SVM,False,50,"{""C"": 1.0, ""gamma"": ""scale""}",,0.5517241379310345,0.4336996336996337,0.6183122690862629,"[[12, 0, 0], [8, 0, 2], [3, 0, 4]]"
three_class,23,4,3,mi,LR,True,50,"{""C"": 10}",0.7241214604448021,0.5517241379310345,0.5486291486291486,0.7707977608906402,"[[5, 1, 6], [4, 4, 2], [0, 0, 7]]"
three_class,23,4,3,mi,LR,False,50,"{""C"": 1.0}",,0.5517241379310345,0.5389924085576259,0.8483331769709479,"[[6, 1, 5], [5, 3, 2], [0, 0, 7]]"
three_class,23,4,3,mi,LASSO,True,50,"{""C"": 5}",0.7320804563761517,0.5517241379310345,0.5389924085576259,0.840163242330425,"[[6, 1, 5], [5, 3, 2], [0, 0, 7]]"
three_class,23,4,3,mi,LASSO,False,50,"{""C"": 1.0}",,0.5862068965517241,0.5495726495726495,0.8700206398348813,"[[8, 0, 4], [6, 2, 2], [0, 0, 7]]"
three_class,23,4,3,mi,RF,True,500,"{""max_depth"": 5, ""min_samples_leaf"": 1}",0.8413066641730903,0.5517241379310345,0.5616858237547893,0.7456312349501205,"[[8, 4, 0], [9, 1, 0], [0, 0, 7]]"
three_class,23,4,3,mi,RF,False,50,"{""max_depth"": 10, ""min_samples_leaf"": 5}",,0.6551724137931034,0.6944444444444445,0.8311833505331957,"[[7, 5, 0], [5, 5, 0], [0, 0, 7]]"
three_class,23,4,3,mi,SVM,True,500,"{""C"": 10, ""gamma"": 0.0001}",0.7067328235722797,0.4827586206896552,0.41996891996892,0.732448992356113,"[[10, 2, 0], [7, 1, 2], [4, 0, 3]]"
three_class,23,4,3,mi,SVM,False,50,"{""C"": 1.0, ""gamma"": ""scale""}",,0.4482758620689655,0.26060606060606056,0.8552631578947368,"[[12, 0, 0], [9, 1, 0], [7, 0, 0]]"
three_class,24,4,4,none,LR,True,4968,"{""C"": 10}",0.6799759226326612,0.5714285714285714,0.562384983437615,0.5494589648724987,"[[8, 3, 1], [4, 5, 0], [2, 2, 3]]"
three_class,24,4,4,none,LR,False,4968,"{""C"": 1.0}",,0.5714285714285714,0.562384983437615,0.5763534580498867,"[[8, 3, 1], [4, 5, 0], [2, 2, 3]]"
three_class,24,4,4,none,LASSO,True,4968,"{""C"": 0.1}",0.7398541202686704,0.4642857142857143,0.46233941852603105,0.6475197169511079,"[[8, 4, 0], [7, 2, 0], [2, 2, 3]]"
three_class,24,4,4,none,LASSO,False,4968,"{""C"": 1.0}",,0.5357142857142857,0.4970926301555105,0.583581970800016,"[[9, 3, 0], [4, 4, 1], [4, 1, 2]]"
three_class,24,4,4,none,RF,True,4968,"{""max_depth"": 5, ""min_samples_leaf"": 1}",0.8559136147416228,0.5714285714285714,0.5533216783216783,0.761802820543422,"[[10, 2, 0], [7, 2, 0], [3, 0, 4]]"
three_class,24,4,4,none,RF,False,4968,"{""max_depth"": 10, ""min_samples_leaf"": 5}",,0.4642857142857143,0.4646464646464647,0.7091774575327207,"[[8, 4, 0], [8, 1, 0], [2, 1, 4]]"
three_class,24,4,4,none,SVM,True,4968,"{""C"": 10, ""gamma"": 0.0001}",0.6712065798609316,0.5357142857142857,0.5352941176470588,0.7564832219437484,"[[6, 3, 3], [5, 3, 1], [1, 0, 6]]"
three_class,24,4,4,none,SVM,False,4968,"{""C"": 1.0, ""gamma"": ""scale""}",,0.4642857142857143,0.4056140350877193,0.7759763993316625,"[[6, 3, 3], [7, 0, 2], [0, 0, 7]]"
three_class,24,4,4,anova,LR,True,100,"{""C"": 0.1}",0.7489306966802446,0.5,0.5271745798061588,0.6374250358037952,"[[7, 5, 0], [6, 3, 0], [1, 2, 4]]"
three_class,24,4,4,anova,LR,False,50,"{""C"": 1.0}",,0.42857142857142855,0.4200779727095516,0.5136595208258742,"[[7, 5, 0], [6, 3, 0], [3, 2, 2]]"
three_class,24,4,4,anova,LASSO,True,100,"{""C"": 1}",0.7861097055766878,0.5714285714285714,0.5879033247454301,0.7153057494927796,"[[8, 4, 0], [5, 4, 0], [1, 2, 4]]"
three_class,24,4,4,anova,LASSO,False,50,"{""C"": 1.0}",,0.5,0.5271745798061588,0.6062023859251303,"[[7, 5, 0], [6, 3, 0], [1, 2, 4]]"
three_class,24,4,4,anova,RF,True,500,"{""max_depth"": 5, ""min_samples_leaf"": 5}",0.7758358891616233,0.5,0.49818445896877267,0.6551740213629311,"[[8, 4, 0], [6, 2, 1], [1, 2, 4]]"
three_class,24,4,4,anova,RF,False,50,"{""max_depth"": 10, ""min_samples_leaf"": 5}",,0.42857142857142855,0.4287317620650954,0.589864417989418,"[[7, 5, 0], [6, 2, 1], [2, 2, 3]]"
three_class,24,4,4,anova,SVM,True,200,"{""C"": 100, ""gamma"": 0.0001}",0.7625477948549381,0.5714285714285714,0.5929557007988381,0.6270736364721327,"[[8, 4, 0], [6, 3, 0], [1, 1, 5]]"
three_class,24,4,4,anova,SVM,False,50,"{""C"": 1.0, ""gamma"": ""scale""}",,0.5,0.46398046398046394,0.6425581563034571,"[[8, 2, 2], [7, 1, 1], [1, 1, 5]]"
three_class,24,4,4,mi,LR,True,500,"{""C"": 0.01}",0.718850542084796,0.39285714285714285,0.3962962962962963,0.4496391027171102,"[[6, 6, 0], [6, 3, 0], [3, 2, 2]]"
three_class,24,4,4,mi,LR,False,50,"{""C"": 1.0}",,0.6071428571428571,0.6272616272616273,0.6844871354974739,"[[7, 5, 0], [3, 5, 1], [0, 2, 5]]"
three_class,24,4,4,mi,LASSO,True,500,"{""C"": 0.1}",0.7729956629085747,0.4642857142857143,0.4679989550679206,0.6818534431316386,"[[8, 4, 0], [8, 1, 0], [1, 2, 4]]"
three_class,24,4,4,mi,LASSO,False,50,"{""C"": 1.0}",,0.42857142857142855,0.43427741466957154,0.6274391335481561,"[[7, 5, 0], [7, 1, 1], [1, 2, 4]]"
three_class,24,4,4,mi,RF,True,200,"{""max_depth"": 5, ""min_samples_leaf"": 1}",0.8810507317346657,0.5357142857142857,0.5510662177328843,0.7225330190555755,"[[8, 4, 0], [6, 3, 0], [1, 2, 4]]"
three_class,24,4,4,mi,RF,False,50,"{""max_depth"": 10, ""min_samples_leaf"": 5}",,0.42857142857142855,0.46644583486688757,0.6256222152603732,"[[6, 6, 0], [7, 2, 0], [1, 2, 4]]"
three_class,24,4,4,mi,SVM,True,10,"{""C"": 100, ""gamma"": 0.01}",0.746405650603451,0.32142857142857145,0.23093681917211328,0.6348752585829653,"[[8, 3, 1], [9, 0, 0], [5, 1, 1]]"
three_class,24,4,4,mi,SVM,False,50,"{""C"": 1.0, ""gamma"": ""scale""}",,0.39285714285714285,0.23573573573573572,0.6671766842701993,"[[10, 2, 0], [8, 1, 0], [7, 0, 0]]"
